Date,Open,High,Low,Close,Volume
2018-01-02,39.93399025163347,40.43621588001568,39.722771657019194,40.42682647705078,102223600
2018-01-03,40.490186919853265,40.964251437036,40.356418384321046,40.41978073120117,118071600
2018-01-04,40.492527990410416,40.710786792933035,40.384574949985684,40.60752487182617,89738400
2018-01-05,40.703746889925426,41.156686997562645,40.612219928324755,41.069854736328125,94640000
2018-01-08,40.917320251464844,41.213021983305815,40.8187494265099,40.917320251464844,82271200
2018-01-09,40.964251510804274,41.083939525023105,40.69671085825055,40.912620544433594,86336000
2018-01-10,40.638048633487585,40.90558934530854,40.60049818035278,40.90324020385742,95839600
2018-01-11,40.97363356641674,41.18485211334439,40.950167226318456,41.13556671142578,74670800
2018-01-12,41.3467957753796,41.623725898618915,41.22241302932559,41.560359954833984,101672400
2018-01-16,41.750441705983256,42.10012349135835,41.33739757680099,41.3491325378418,118263600
2018-01-17,41.33976554774828,42.0672905545969,41.0863088731008,42.03208923339844,137547200
2018-01-18,42.0954375270394,42.266760115574634,41.83259153401056,42.06962203979492,124773600
2018-01-19,41.91706393777589,42.14470854361538,41.63544281559508,41.88186264038086,129700400
2018-01-22,41.60963271688216,41.722280464117354,41.44535400612098,41.53922653198242,108434400
2018-01-23,41.609642510426376,42.11186816210788,41.49699473667759,41.548622131347656,130756400
2018-01-24,41.597905380444125,41.60964034357955,40.64743066260191,40.886810302734375,204420400
2018-01-25,40.95487171893902,41.058133675910234,40.020826566259224,40.156944274902344,166116000
2018-01-26,40.36580943959557,40.36580943959557,39.91052008574584,40.25081253051758,156572000
2018-01-29,39.93398878050645,39.93398878050645,39.20881320203056,39.41768264770508,202561600
2018-01-30,38.84739402787731,39.279213415752686,38.6526051170296,39.185340881347656,184192800
2018-01-31,39.16187382377497,39.53033088935035,39.07504154404407,39.293296813964844,129915600
2018-02-01,39.23228073447791,39.57257317905928,39.13605905026289,39.37543869018555,188923200
2018-02-02,38.957702208902234,39.145450887556414,37.57306241821802,37.666934967041016,346375200
2018-02-05,37.33837701496789,38.460170790615834,36.6108522368327,36.72584915161133,290954000
2018-02-06,36.33626920112963,38.422618146423986,36.141480273828954,38.260684967041016,272975200
2018-02-07,38.27476351616194,38.34751526986964,37.33133269703871,37.44163131713867,206434400
2018-02-08,37.61765378986397,37.78428170095919,36.383212086809394,36.411373138427734,217562000
2018-02-09,37.01224818986412,37.2054725383978,35.402814745410176,36.85672378540039,282690400
2018-02-12,37.34921338840289,38.61932214150914,37.11592678638475,38.34126663208008,243278000
2018-02-13,38.16218480046921,38.82198249059951,38.09149154873951,38.72536849975586,130196800
2018-02-14,38.41902485300839,39.47941260422183,38.381324910071264,39.439353942871094,162579600
2018-02-15,40.009615319931726,40.7872338950908,39.82345990009944,40.763671875,204588800
2018-02-16,40.61521699774737,41.19489735366418,40.47618921168071,40.631710052490234,160704400
2018-02-20,40.54217234906043,41.06293871274817,40.393716864685636,40.49504470825195,135722000
2018-02-21,40.725957827681526,41.02993405641751,40.29708818267244,40.31122970581055,149886400
2018-02-22,40.48324868726996,40.98987695293575,40.46204179516838,40.648197174072266,123967600
2018-02-23,40.92390816081634,41.390477885967094,40.89327357832788,41.355133056640625,135249600
2018-02-26,41.55542177090116,42.27177106953291,41.52243207153538,42.17280197143555,152648800
2018-02-27,42.203443871619406,42.528627080196344,41.98194002503581,42.036136627197266,155712400
2018-02-28,42.241142767845716,42.5616157216928,41.956018237174824,41.972511291503906,151128400
2018-03-01,42.07147097696251,42.36366800327985,40.68590011264929,41.237300872802734,195208000
2018-03-02,40.718887524646725,41.54363349582345,40.63641148928622,41.52242660522461,153816000
2018-03-05,41.286792482040795,41.88296582019511,41.12419909970639,41.666175842285156,113605600
2018-03-06,41.92303361402361,42.00315096329366,41.50359149654094,41.630836486816406,95154000
2018-03-07,41.22317405342424,41.437608938692705,41.06529449044002,41.244380950927734,126814000
2018-03-08,41.350415636468696,41.736867984637264,41.25380524613253,41.694454193115234,95096400
2018-03-09,41.934814733960636,42.41552240582564,41.80049718711683,42.41080856323242,128740800
2018-03-12,42.48385027656255,42.97869939855477,42.46500210036413,42.82081985473633,128828400
2018-03-13,43.02583525840665,43.240270158651725,42.23643738835223,42.40845489501953,126774000
2018-03-14,42.490924073672474,42.53805170675562,41.899460952314094,42.047916412353516,117473600
2018-03-15,42.062055838116244,42.47207381129325,41.96073160316559,42.0974006652832,90975200
2018-03-16,42.09738828846614,42.20814017517181,41.854677624989534,41.948936462402344,157618800
2018-03-19,41.784003706662105,41.81934853673094,40.92155389689894,41.308006286621094,133787200
2018-03-20,41.29386520385742,41.66146579095869,41.223171953505314,41.29386520385742,78597600
2018-03-21,41.24672702789867,41.25850983357466,40.356001572027665,40.358360290527344,148219600
2018-03-22,40.05910690767208,40.69062522008914,39.72920981844058,39.78812026977539,165963200
2018-03-23,39.679719875116405,40.04025151708933,38.866756439208984,38.866756439208984,164115200
2018-03-26,39.604310813954555,40.7895885337609,39.22021360925439,40.71182632446289,150164800
2018-03-27,40.92626846907116,41.27266222278732,39.3333311032073,39.66794204711914,163690400
2018-03-28,39.41108229847523,40.06381094630235,38.92566087356404,39.229637145996094,166674000
2018-03-29,39.54304919083701,40.4714784418901,39.32861429364283,39.535980224609375,153594000
2018-04-02,39.267347455946435,39.80932428812303,38.75600520684153,39.276771545410156,150347200
2018-04-03,39.50297909238808,39.76454155398973,38.85260921827928,39.679710388183594,121112000
2018-04-04,38.85260876035632,40.53273181423707,38.82668802678752,40.4384765625,138422000
2018-04-05,40.66705348605198,41.05586093377513,40.54923261151675,40.718894958496094,107732800
2018-04-06,40.287675700962644,40.64349349687593,39.63494695894709,39.677364349365234,140021200
2018-04-09,40.030814601514955,40.787222472466695,40.02374563790659,40.07087326049805,116070800
2018-04-10,40.76603309003821,41.00167489980722,40.419639342029086,40.82494354248047,113634400
2018-04-11,40.584581181460756,40.98281634944289,40.459691330575104,40.63406753540039,89726400
2018-04-12,40.86264284289436,41.23731241849354,40.77545293733876,41.03466033935547,91557200
2018-04-13,41.18546978925659,41.435249499355315,40.9663246609803,41.17368698120117,100497200
2018-04-16,41.24437536607009,41.51772066001814,41.19724773501885,41.43053436279297,86313600
2018-04-17,41.588412774825166,42.16573432963981,41.569561003795144,42.00078582763672,106421600
2018-04-18,41.899463322015784,42.13746381529928,41.68031819776145,41.906532287597656,83018000
2018-04-19,40.94510902406339,41.329206225642714,40.68590525745054,40.718894958496094,139235200
2018-04-20,40.20049707726106,40.34659385923473,38.982225668965064,39.05056381225586,261964400
2018-04-23,39.31210843532802,39.33331532710472,38.666448830470245,38.93743896484375,146062000
2018-04-24,39.03877067555058,39.194295102996016,37.99016554312238,38.395469665527344,134768000
2018-04-25,38.32006771069586,38.97986545854472,38.27058494708206,38.56277847290039,113528400
2018-04-26,38.67352834703607,39.05291176219348,38.49679700945855,38.69709396362305,111852000
2018-04-27,38.64524313476729,38.723005335962576,37.851131667287476,38.249366760253906,142623200
2018-04-30,38.20460519026829,39.4134451477928,38.13626705650611,38.942161560058594,169709600
2018-05-01,39.21314610125641,39.870585028863154,38.94451463897729,39.847023010253906,214277600
2018-05-02,41.29151793812533,41.885336371941115,40.954551838353126,41.60728073120117,266157600
2018-05-03,41.4446737111615,41.82641221003319,41.10534900300538,41.68267059326172,136272800
2018-05-04,42.00315337133076,43.41700425620024,41.98430159472612,43.31803512573242,224805200
2018-05-07,43.63613038088778,44.222879536554224,43.53480617090107,43.63142013549805,169805600
2018-05-08,43.59137248932765,43.88121086073857,43.28032362587547,43.84115219116211,113611200
2018-05-09,43.95897205391952,44.159265397142114,43.645568074468635,44.14984130859375,92844800
2018-05-10,44.23937612324497,44.859111378241764,44.218165636590804,44.781349182128906,111957200
2018-05-11,44.82394339538335,44.95877526691211,44.34137848487162,44.611045837402344,104848800
2018-05-14,44.71039150392342,44.83339872725097,44.438359977373224,44.5069580078125,83115200
2018-05-15,44.18288522686713,44.25148686697226,43.7854822711913,44.10245895385742,94780800
2018-05-16,44.01494677256498,44.58030223976041,43.99838650746106,44.51406478881836,76732400
2018-05-17,44.471485307081586,44.6867470862778,44.08354270729237,44.23257064819336,69176000
2018-05-18,44.27987037350764,44.42653046786745,44.029127524644984,44.07170486450195,73190800
2018-05-21,44.47147176599558,44.77189176145005,44.21363271617887,44.383949279785156,73603200
2018-05-22,44.56136935907778,44.67964456930192,44.182887242571354,44.27277755737305,60962800
2018-05-23,44.08116422228349,44.58974608932775,43.94159675657683,44.5566291809082,80233600
2018-05-24,44.65362171582824,44.67017836753173,44.048053246327676,44.5069580078125,92936000
2018-05-25,44.52587901519814,44.86178013673768,44.38867935550355,44.608673095703125,69844000
2018-05-29,44.376864140831934,44.64889570398078,44.20417972021564,44.44782638549805,90056400
2018-05-30,44.40525183823705,44.471485677083336,44.18289383233587,44.35321044921875,74762000
2018-05-31,44.28696812918716,44.52588274430976,44.03149325278761,44.20417404174805,109931200
2018-06-01,44.469115760497296,45.006082627215655,44.41234235900359,45.0013542175293,93770000
2018-06-04,45.332519140294664,45.753578569376124,45.263921111511316,45.377464294433594,105064800
2018-06-05,45.67079977882873,45.876597527305044,45.50284736136081,45.727569580078125,86264000
2018-06-06,45.80325688574977,45.909703847988986,45.39875409787338,45.88604736328125,83734400
2018-06-07,45.92389499108366,45.938087437716206,45.49810354474371,45.76304244995117,85388800
2018-06-08,45.22134258806852,45.41767986646132,44.89017344949806,45.34671401977539,106627200
2018-06-11,45.26391172082243,45.4105717853982,44.99424446140816,45.23552322387695,73234000
2018-06-12,45.273387494097285,45.5619793128146,45.21661409043262,45.483917236328125,67644400
2018-06-13,45.51702395772197,45.62583872133828,45.04865521318298,45.11015701293945,86553600
2018-06-14,45.31123239005526,45.31596440897372,44.99661990722573,45.133819580078125,86440400
2018-06-15,44.9516653407384,44.98241804306113,44.532970186192046,44.670169830322266,246876800
2018-06-18,44.443096634027135,44.76007334887905,44.28224046220159,44.64653015136719,73939600
2018-06-19,43.79494537297693,44.07644095516829,43.395174578736984,43.925048828125,134314000
2018-06-20,44.08117994634015,44.282245672940235,43.93451620576137,44.116661071777344,82514800
2018-06-21,44.29406343878758,44.55427032867904,43.74763257948827,43.87063980102539,102847600
2018-06-22,44.02676445446986,44.03386067854398,43.69086328022703,43.74290466308594,108801600
2018-06-25,43.383351830308534,43.74290953112811,42.75176255111252,43.0923957824707,126652400
2018-06-26,43.28635792168182,44.123744728742274,43.17990735674422,43.62698745727539,98276800
2018-06-27,43.816225005599165,44.30115399685234,43.5323652771373,43.56311798095703,101141200
2018-06-28,43.548931126106865,44.04805262643195,43.47796528251381,43.88010025024414,69460800
2018-06-29,44.06697719592457,44.2798747446439,43.26743921185514,43.78784942626953,90950800
2018-07-02,43.48270554801094,44.30590010518459,43.388083202116974,44.27751159667969,70925200
2018-07-03,44.42180820300146,44.459657141944504,43.41646877272045,43.5063591003418,55819200
2018-07-05,43.82334364618523,44.09537888262127,43.59152517045839,43.85646057128906,66416800
2018-07-06,43.86118164934169,44.57319716617693,43.80914026437983,44.464385986328125,69940800
2018-07-09,44.82630080014565,45.105428539599686,44.77899144204003,45.0817756652832,79026400
2018-07-10,45.11253256386964,45.24736442747198,44.98715751950538,45.027374267578125,63756400
2018-07-11,44.5897486186037,44.89253282974942,44.37921891539344,44.44308853149414,75326000
2018-07-12,44.83339539070363,45.278111281541236,44.78135401584082,45.1882209777832,72164400
2018-07-13,45.200055813935386,45.379832838208394,45.15747486034756,45.259193420410156,50055600
2018-07-16,45.30413552457632,45.57143503338008,45.04392862984047,45.15983963012695,60172400
2018-07-17,44.885443578265395,45.38692932908867,44.755340121361314,45.28757858276367,62138000
2018-07-18,45.36563288849885,45.3703649068868,44.928013229161195,45.03919219970703,65573600
2018-07-19,44.87125146816836,45.54778583969298,44.87125146816836,45.38929748535156,81147200
2018-07-20,45.36563974785241,45.51939607872061,44.984793423168234,45.285213470458984,82704800
2018-07-23,45.10543802852342,45.40822592493737,44.84050267981882,45.32543182373047,63957600
2018-07-24,45.52411715802254,45.81034468869326,45.42949845552941,45.65422058105469,74791600
2018-07-25,45.668427671324864,46.091854983034054,45.51939973810648,46.08475875854492,66839600
2018-07-26,46.03507510992466,46.35441960496236,45.79852470159238,45.94045639038086,76304000
2018-07-27,46.12497264164137,46.172282008820225,44.96824110817268,45.1764030456543,96096000
2018-07-30,45.39401555990595,45.464981394364806,44.72458117438404,44.923282623291016,84118000
2018-07-31,45.015547593417764,45.45079951875537,44.788457592235076,45.013179779052734,157492000
2018-08-01,47.10428602556714,47.72641117223793,46.67376253103362,47.66490936279297,271742800
2018-08-02,47.4472779878545,49.29237176452415,47.3928724084301,49.05818557739258,249616000
2018-08-03,48.9730404375499,49.377543303996674,48.60638651019813,49.200130462646484,133789600
2018-08-06,49.20248624760357,49.498174265918486,48.982496094524244,49.455596923828125,101701600
2018-08-07,49.51473278966766,49.55731013026369,48.9091607174553,48.9919548034668,102349600
2018-08-08,48.74121043353765,49.15753783634779,48.37928861184259,49.02507019042969,90102000
2018-08-09,49.564393181331,49.62353076720186,49.01323044787793,49.41063690185547,93970400
2018-08-10,49.223123155004025,49.636165711081844,49.05933035479848,49.26347732543945,98444800
2018-08-13,49.686006004523996,50.075309050111564,49.303824068991645,49.58155822753906,103563600
2018-08-14,49.88778153354862,49.982732084437686,49.43675736149721,49.79045486450195,82992000
2018-08-15,49.6646515911767,50.02547026132497,49.453383503301005,49.90678024291992,115230400
2018-08-16,50.265216769109614,50.75421900677927,50.19875065654081,50.63790512084961,114001600
2018-08-17,50.66639386062462,51.73697648515084,50.599927742417734,51.649147033691406,141708000
2018-08-20,51.77258769595775,52.028954949320145,51.06282007892816,51.145904541015625,121150800
2018-08-21,51.463979429672776,51.55655747526284,50.80643588312586,51.04618835449219,104639200
2018-08-22,50.82307364580705,51.35955129169982,50.76135251040176,51.048583984375,76072400
2018-08-23,50.95362079278084,51.52333502466654,50.941754689265245,51.15302276611328,75532800
2018-08-24,51.41651291108594,51.487724018176,51.062815383301725,51.31206512451172,73905600
2018-08-27,51.54707163132223,51.9245086286622,51.352421891870854,51.73460388183594,82100400
2018-08-28,51.988592930759275,52.351784044025756,51.96722959989216,52.15238571166992,91107200
2018-08-29,52.25921758125528,53.05206971659021,52.08355865898254,52.93100357055664,109019200
2018-08-30,52.99510063643723,54.184373483370116,52.79332612805023,53.41763687133789,195175200
2018-08-31,53.768948648472445,54.329165657459775,53.64788613858732,54.03481674194336,173360400
2018-09-04,54.219972905723175,54.40275291881206,53.79743674689333,54.20810317993164,109560400
2018-09-05,54.35764485862687,54.51906151214841,53.43423684845021,53.85439682006836,133332000
2018-09-06,53.70248110255072,53.96834918895152,52.53219933838664,52.9594841003418,137160000
2018-09-07,52.66275959680805,53.49833467055365,52.39214651523999,52.53219985961914,150479200
2018-09-10,52.44911343344167,52.66275761958361,51.385651983609314,51.827178955078125,158066000
2018-09-11,51.7512326037531,53.24435541229315,51.407032194441776,53.137535095214844,142996000
2018-09-12,53.396275095272934,53.41051732035049,52.18563525382532,52.47761535644531,197114800
2018-09-13,53.05917689268069,54.20572269013653,52.833666624423685,53.74520492553711,166825600
2018-09-14,53.5885476860684,53.847291078009455,52.8218111187549,53.13515090942383,127997200
2018-09-17,52.73397376692589,52.92387852093869,51.57556164949843,51.72036361694336,148780400
2018-09-18,51.69899655096694,52.66276254166142,51.53995236118201,51.80582046508789,126286800
2018-09-19,51.86754193214831,52.13340643422851,51.10792648182475,51.8366813659668,108495200
2018-09-20,52.28058336820857,52.76483707510181,52.02183636161945,52.23073196411133,106435200
2018-09-21,52.408753369471576,52.54643419692721,51.58029590882914,51.668128967285156,384986800
2018-09-24,51.46873746922922,52.522701711224435,51.423634686068496,52.4111328125,110773600
2018-09-25,52.16426138781291,52.8930198156766,52.15239166193312,52.74346923828125,98217600
2018-09-26,52.46098789272328,53.113782990935896,52.16663534447083,52.323307037353516,95938800
2018-09-27,53.130402694768456,53.75233724520771,53.063932950702444,53.39863967895508,120724800
2018-09-28,53.360648669167745,53.609898393887846,53.17786867688684,53.58616256713867,91717600
2018-10-01,54.11077996095819,54.45972891318769,53.730974066254866,53.94698715209961,94403200
2018-10-02,53.94460963208403,54.59740468813785,53.79743517852857,54.426490783691406,99152800
2018-10-03,54.60927838858312,55.421117682731534,54.54518476421743,55.08878707885742,114619200
2018-10-04,54.78256999358617,55.15525842665836,53.82118002551818,54.12028121948242,128168000
2018-10-05,54.11315416006722,54.21997445097182,52.3612883495571,53.241966247558594,134322000
2018-10-08,52.74821800655406,53.36303141431904,52.2710818285735,53.1185302734375,118655600
2018-10-09,53.08766047157872,53.94935098872618,52.75770243252154,53.85439682006836,107564000
2018-10-10,53.51971049404259,53.73097860481804,51.285963236227936,51.35955047607422,167962400
2018-10-11,50.9227653439931,52.10491688602584,50.40052999940235,50.90614700317383,212497600
2018-10-12,52.32330683693242,52.907263316289296,51.4734858776768,52.72447967529297,161351600
2018-10-15,52.498964791499894,52.65800896630272,51.57555668146875,51.596920013427734,123164000
2018-10-16,51.96960667852757,52.93337261415995,51.45449246345416,52.733970642089844,116736000
2018-10-17,52.769564893845526,52.850273209498646,52.06691863100556,52.506072998046875,91541600
2018-10-18,51.715613684238384,52.16188930147711,50.56194658901227,51.27883529663086,130325200
2018-10-19,51.763089411901014,52.52270479300805,51.61353883204193,52.059814453125,132314800
2018-10-22,52.173752210932165,53.02120060810518,51.97198137027068,52.377899169921875,115168400
2018-10-23,51.23373370765416,52.995093143663425,50.96549310735206,52.87165451049805,155071200
2018-10-24,52.840797527182865,53.227724523287165,50.92751139208829,51.05807113647461,163702000
2018-10-25,51.68001257878182,52.55119693267546,51.452126135722835,52.1761360168457,119423200
2018-10-26,51.25034458633483,52.26870689490897,50.483608140162744,51.345298767089844,189033600
2018-10-29,52.031324919854015,52.15001492473634,48.92164534308454,50.381534576416016,183742000
2018-10-30,50.12279041465033,51.079431617704415,49.67651843439709,50.63315963745117,146640000
2018-10-31,51.48299517945825,52.33044021891466,51.421274037772015,51.953006744384766,153435600
2018-11-01,51.99809700733676,52.78382433784558,51.46636442889443,52.75059127807617,233292800
2018-11-02,49.742992077595275,50.71624814601477,48.76498377166749,49.25161361694336,365314800
2018-11-05,48.49674853741408,48.51811187418732,47.04160756387447,47.85344696044922,264654800
2018-11-06,47.93176387355699,48.596428524602615,47.87716749378135,48.37091827392578,127531600
2018-11-07,48.89316115705554,49.864044532766044,48.45638280611268,49.83793258666992,133697600
2018-11-08,50.018975263846386,50.052324278753815,49.24956351184435,49.66404724121094,101450400
2018-11-09,48.96371681631605,49.073290598899256,48.17762869897089,48.706451416015625,137463200
2018-11-12,47.40344163613324,47.60592010205465,46.16237505731582,46.25289535522461,204542000
2018-11-13,45.647856318931105,46.969909436344466,45.60497693614052,45.79077911376953,187531600
2018-11-14,46.18858736747711,46.3267486160085,44.29006694824558,44.497310638427734,243204000
2018-11-15,44.87605376570121,45.7288397690571,44.521122151289326,45.59544372558594,185915200
2018-11-16,45.3786815583818,46.44347295974592,45.130946523451215,46.1004524230957,147713200
2018-11-19,45.25957777175542,45.42632285764467,44.06615547692274,44.27339553833008,167701200
2018-11-20,42.48921333468925,43.227660519063384,41.80793745086848,42.158103942871094,271300800
2018-11-21,42.81316817679935,42.941802668538266,42.055667679021546,42.11045455932617,124496800
2018-11-23,41.67216302634215,42.067589699866495,40.99565228703064,41.04090881347656,94496000
2018-11-26,41.50541532486275,41.67454118167568,40.55734367784053,41.59593200683594,179994000
2018-11-27,40.8551055726236,41.631666982501585,40.705036810315356,41.50541687011719,165549600
2018-11-28,42.09855138078,43.18478063533533,41.669775718516014,43.101409912109375,184250000
2018-11-29,43.51112203001725,43.54447104132237,42.329607450635095,42.770294189453125,167080000
2018-11-30,42.94657212714808,42.95610249446837,42.17001438997108,42.53923797607422,158126000
2018-12-03,43.939910139035845,44.05424911966867,43.16573306674839,44.025665283203125,163210000
2018-12-04,43.103797416299365,43.44681799966585,41.98898415512898,42.08903121948242,165377200
2018-12-06,40.91465661846375,41.63404670780796,40.59545836632005,41.619754791259766,172393600
2018-12-07,41.32677262823491,41.56498100520025,40.09047057022136,40.1357307434082,169126400
2018-12-10,39.30436782371349,40.51684714665778,38.90656041585195,40.40012741088867,248104000
2018-12-11,40.89083436840354,40.92179897327455,39.780782907152584,40.169063568115234,189126800
2018-12-12,40.59068128258235,40.95275881299063,40.2619563940355,40.28101348876953,142510800
2018-12-13,40.61214402590669,41.107617843815206,40.3882275891357,40.721717834472656,127594400
2018-12-14,40.25720693797276,40.276264040151375,39.37107167790556,39.4187126159668,162814800
2018-12-17,39.411553955755636,40.10236005671313,38.76362722957384,39.05186080932617,177151600
2018-12-18,39.39488558701543,39.90703192311452,39.15905808682064,39.55924987792969,135366000
2018-12-19,39.54257718093563,39.88797848357411,37.896556981360284,38.32533264160156,196189200
2018-12-20,38.20860163087196,38.615939335376076,36.99374174357665,37.35820007324219,259092000
2018-12-21,37.36535415325516,37.675025670788216,35.643109158770635,35.90513610839844,382978400
2018-12-24,35.29056071290011,36.10047117163717,34.91895631990907,34.97612762451172,148676800
2018-12-26,35.32628751316479,37.45348564036244,34.94991800671452,37.43919372558594,234330000
2018-12-27,37.12238022196103,37.343915828787566,35.74792096197973,37.196224212646484,212468400
2018-12-28,37.51780415930204,37.76077762302166,36.81509045914528,37.21527862548828,169165600
2018-12-31,37.763153161468566,37.960866442940635,37.27482552744907,37.57497024536133,140014000
2019-01-02,36.896080457482114,37.839386848487095,36.73886211985297,37.61785125732422,148158800
2019-01-03,34.29723714095468,34.71172097757419,33.825585626712446,33.870845794677734,365248800
2019-01-04,34.42823764398357,35.38583581454372,34.25434664142994,35.31675338745117,234428400
2019-01-07,35.42157295630101,35.45254119796696,34.754588999265515,35.23815155029297,219111200
2019-01-08,35.62643599572281,36.16478912877367,35.37870094056626,35.90990447998047,164101200
2019-01-09,36.03852127231397,36.8103172407821,35.64309837562767,36.51970291137695,180396400
2019-01-10,36.32676495224882,36.67693143634063,35.93610349421872,36.636436462402344,143122800
2019-01-11,36.41728668965994,36.612615608918475,36.09093884143746,36.27674102783203,108092800
2019-01-14,35.93371012293423,36.033757135492436,35.545429575449475,35.731231689453125,129756800
2019-01-15,35.79555957068169,36.53876824774425,35.74315345783549,36.46254348754883,114843600
2019-01-16,36.46492197956527,37.131905854686835,36.445864882016686,36.907989501953125,122278800
2019-01-17,36.73172100407359,37.55592336335541,36.50780460910458,37.12714767456055,119284800
2019-01-18,37.517811062008555,37.60833138833237,37.15573339148389,37.355831146240234,135004000
2019-01-22,37.258161960363196,37.334386728093314,36.35535044644679,36.517333984375,121576000
2019-01-23,36.719814519412964,36.95564208685742,36.13620480760854,36.6650276184082,92522400
2019-01-24,36.71027561625234,36.798411510579946,36.145723195146964,36.3744010925293,101766000
2019-01-25,37.03662400515112,37.66787815610995,36.760305150477386,37.57973861694336,134142000
2019-01-28,37.11046792768946,37.23910243985736,36.6030867412518,37.231956481933594,104768400
2019-01-29,37.220038958596476,37.667871630472526,36.71027345041031,36.84605026245117,166348800
2019-01-30,38.887501744026494,39.578304302722984,38.16811172006146,39.36391830444336,244439200
2019-01-31,39.56877167193524,40.257193353717504,39.19954816570171,39.64738082885742,162958400
2019-02-01,39.771255093393634,40.25243319065065,39.52589722677174,39.66644287109375,130672400
2019-02-04,39.87844448098369,40.89082955557132,39.84747624498772,40.79316329956055,125982000
2019-02-05,41.176678751547904,41.705501363894136,41.05519385105682,41.491111755371094,144406400
2019-02-06,41.603079513914516,41.82223435574399,41.17430746758201,41.50541687011719,112958400
2019-02-07,41.06710809016357,41.43395089534404,40.57639959016769,40.71932601928711,126966800
2019-02-08,40.427460134382265,40.82697360976504,40.29109734589125,40.76716613769531,95280000
2019-02-11,40.92026971273372,40.958547367756964,40.489655219617426,40.53271484375,83973600
2019-02-12,40.69300614599975,40.90831158895614,40.597311998851445,40.881996154785156,89134000
2019-02-13,41.00160888990955,41.26236858240491,40.64994067511522,40.71213912963867,89960800
2019-02-14,40.5997176700714,40.97052118369501,40.52077134609879,40.860477447509766,87342800
2019-02-15,40.968123035515944,41.07577576743532,40.609278162212156,40.769561767578125,98507200
2019-02-19,40.59971388249842,41.013580648024224,40.547083004759976,40.891571044921875,75891200
2019-02-20,40.953775654222376,41.46333661496224,40.90593039437642,41.154727935791016,104457600
2019-02-21,41.09970373851349,41.23606290385882,40.74085883448169,40.922672271728516,68998800
2019-02-22,41.0470710743179,41.386777130641946,40.999225819267565,41.379600524902344,75652800
2019-02-25,41.66428226312171,42.07336336758773,41.61404237554862,41.681026458740234,87493600
2019-02-26,41.556630858244425,41.93700555357512,41.42744465771321,41.704952239990234,68280800
2019-02-27,41.43702182926786,41.865241839640916,41.3221888233918,41.83414077758789,111341600
2019-02-28,41.70255153601081,41.84369627931718,41.367627537068515,41.42264938354492,112861600
2019-03-01,41.693001101381114,41.90113001825716,41.36047157137508,41.858070373535156,103544800
2019-03-04,42.03029915498957,42.52311213491494,41.6188234600239,42.06857681274414,109744800
2019-03-05,42.09011242534028,42.10446563638617,41.75518834938098,41.992027282714844,78949600
2019-03-06,41.786295019739335,41.98246533134036,41.611658177958454,41.75041198730469,83241600
2019-03-07,41.59489461922127,41.731257391688615,41.15232156812605,41.26715087890625,99185600
2019-03-08,40.745648725344594,41.40353111834732,40.54947840507668,41.36525344848633,95997600
2019-03-11,41.982450518948944,42.850852450709084,41.948958483706924,42.798221588134766,128044000
2019-03-12,43.06138695650634,43.70013042498477,42.91067093404369,43.27908706665039,129870400
2019-03-13,43.5996453272175,43.850837429544725,43.281469150984115,43.470462799072266,124130000
2019-03-14,43.99438111199851,44.04223001659465,43.67381389321422,43.953712463378906,94318000
2019-03-15,44.22165515768644,44.81494437724077,43.95610978254428,44.525474548339844,156171600
2019-03-18,44.44892403676384,45.06852871161591,44.446529401109466,44.98001480102539,104879200
2019-03-19,45.05895441234656,45.212061406706034,44.47762384055318,44.62355422973633,126585600
2019-03-20,44.551788370121876,45.33168026989481,44.19294347892103,45.01350402832031,124140800
2019-03-21,45.45847747551031,46.968017920928716,45.408237578355326,46.67137145996094,204136800
2019-03-22,46.731166773875984,47.29335848679614,45.640279037651645,45.704872131347656,169630800
2019-03-25,45.814916385507885,45.92735472943375,44.6403003623013,45.152252197265625,175381200
2019-03-26,45.85080891595458,46.142669720394025,44.157060586216474,44.68575668334961,199202000
2019-03-27,45.154645826401016,45.396266723051546,44.628340750814054,45.08766174316406,119393600
2019-03-28,45.2024980623719,45.34842847704672,44.8627919733694,45.14747619628906,83121600
2019-03-29,45.413016447400935,45.472823927790444,45.10440780439011,45.44172286987305,94256000
2019-04-01,45.84602238790681,45.8555899786877,45.06613415152161,45.75033187866211,111448000
2019-04-02,45.71444445215832,46.52065176331116,45.704876861533926,46.41539001464844,91062800
2019-04-03,46.23118199255174,47.008679231753774,46.20725754043274,46.73356628417969,93087200
2019-04-04,46.599594142761774,46.97757785142085,46.2048662380215,46.814903259277344,76457200
2019-04-05,46.996711099641466,47.15221271815539,46.872310534902006,47.12828826904297,74106400
2019-04-08,46.98953939509702,47.901004785809306,46.97040056388295,47.86990737915039,103526800
2019-04-09,47.92253440215642,48.52778574553339,47.66177104187914,47.72636413574219,143072800
2019-04-10,47.53020559075672,48.02302236315101,47.41059061354983,47.99431228637695,86781200
2019-04-11,48.0493265952234,48.08520961987092,47.47278166349611,47.59478759765625,83603200
2019-04-12,47.654599387904355,47.879476097016486,46.93930426252386,47.575653076171875,111042800
2019-04-15,47.506275701150514,47.810098707258135,47.3699129010381,47.661773681640625,70146400
2019-04-16,47.71680865304602,48.17373509495432,47.501499502326,47.666568756103516,102785600
2019-04-17,47.73592295376926,48.65456835763989,47.5134409440851,48.59476089477539,115627200
2019-04-18,48.59237013197898,48.838776606586286,48.44883439988165,48.76940155029297,96783200
2019-04-22,48.52300877942249,49.02778409479204,48.40578479563251,48.9296989440918,77758000
2019-04-23,48.90577354056907,49.70001867175577,48.77898196787563,49.63542556762695,93292000
2019-04-24,49.60672129628957,49.87465766525172,49.53256059776321,49.558876037597656,70162400
2019-04-25,49.47992653441548,49.70240861567944,49.07084175064887,49.1091194152832,74172800
2019-04-26,49.01820769356134,49.042132144995094,48.35314882772133,48.874671936035156,74596400
2019-04-29,48.89859738762798,49.27419013877787,48.76941482853259,48.94883728027344,88818800
2019-04-30,48.57801532927748,48.65935260649863,47.63305810181105,48.006256103515625,186139600
2019-05-01,50.20957914721546,51.50859592194666,50.05407750166166,50.36268615722656,259309200
2019-05-02,50.20000804937549,50.87224357416548,49.790926909900726,50.03493881225586,127985200
2019-05-03,50.45119876388478,50.67846646268303,50.29330613721523,50.65693664550781,83569600
2019-05-06,48.872286386474464,49.96078342261361,48.68329632630447,49.87466049194336,129772400
2019-05-07,49.25266113924766,49.62107364012062,48.04454921404166,48.53018569946289,155054800
2019-05-08,48.300515430411565,49.123466871841444,48.26463240549515,48.53974533081055,105358000
2019-05-09,47.941667493466504,48.24788145423534,47.04695005980313,48.01822280883789,139634400
2019-05-10,47.4106420537473,47.75406012156591,46.29394061405998,47.353004455566406,164834800
2019-05-13,45.07879728272401,45.50386239958583,43.91166194378649,44.600894927978516,229722400
2019-05-14,44.766586521858535,45.55668236546446,44.52643531944236,45.30692672729492,146118800
2019-05-15,44.73296498290153,46.04899253088982,44.672927182991636,45.849666595458984,106178800
2019-05-16,45.607116324143135,46.22190282402673,45.350152775292095,45.64794158935547,132125600
2019-05-17,44.89145799493417,45.844858465816024,44.850632734358356,45.388572692871094,131516400
2019-05-20,44.07253951220514,44.27186540389405,43.294448476934484,43.96927261352539,154449200
2019-05-21,44.48080029361121,45.148420257456486,44.35592065835196,44.81221008300781,113459200
2019-05-22,44.34632185833325,44.59848135341637,43.83960267533602,43.89483642578125,118994400
2019-05-23,43.17918223637077,43.356891761625974,42.70128007629141,43.14556121826172,146118800
2019-05-24,43.275247174479105,43.741141106736286,42.89580782412961,42.979862213134766,94858800
2019-05-28,42.96785182423073,43.368903884393525,42.72530043390467,42.802146911621094,111792800
2019-05-29,42.367471894790725,43.071116776934666,42.26660883616166,42.598018646240234,113924800
2019-05-30,42.73489628505487,43.04228946300564,42.42750310710411,42.81895065307617,84873600
2019-05-31,42.32183886336672,42.74450725980642,42.02405376341982,42.04326629638672,108174400
2019-06-03,42.17054681734326,42.727695624920145,40.89054064456149,41.61819839477539,161584400
2019-06-04,42.13212427525392,43.186387825636224,41.911185625871745,43.1407585144043,123872000
2019-06-05,44.25505688634798,44.42556582774163,43.500982366419116,43.83719253540039,119093600
2019-06-06,43.966881034804615,44.54084224185603,43.7435385189005,44.480804443359375,90105200
2019-06-07,44.79060266707343,46.08982164511094,44.612893109722116,45.66475296020508,122737600
2019-06-10,46.06339647229206,46.9183340723606,46.01776716255535,46.248313903808594,104883600
2019-06-11,46.79585609995607,47.069628281137064,46.49326695162422,46.78384780883789,107731600
2019-06-12,46.57732256976799,47.06242899962698,46.442838489668404,46.63496017456055,73012800
2019-06-13,46.75743866186106,47.25935379850286,46.49327453624691,46.6253547668457,86698400
2019-06-14,46.00095127905733,46.4908579888977,45.70076235615095,46.2867317199707,75046000
2019-06-17,46.325161000713024,46.8198755079618,46.149851665938094,46.56291198730469,58676400
2019-06-18,47.081643348278995,48.09988208792506,46.87991722035853,47.65800476074219,106204000
2019-06-19,47.95338797340395,48.001421143050344,47.38423082437452,47.518714904785156,84496800
2019-06-20,48.11910093611504,48.17673855068916,47.55714793558098,47.90056610107422,86056000
2019-06-21,47.742059146457436,48.234369837830805,47.585958668286295,47.73725509643555,191202400
2019-06-24,47.67962377124895,48.06867125711626,47.59076898842806,47.689231872558594,72881600
2019-06-25,47.65319850922663,47.852524435135905,46.899123924956235,46.96636962890625,84281200
2019-06-26,47.49470918375334,48.26799642774782,47.393846108156275,47.982215881347656,104270000
2019-06-27,48.09988036370736,48.40727725900729,47.92697487769968,47.96780014038086,83598800
2019-06-28,47.71322950016567,47.91015520529247,47.32178561109309,47.53071594238281,124442400
2019-07-01,48.79151336252782,49.10851466970261,48.18633138073166,48.402469635009766,109012000
2019-07-02,48.368854370319184,48.7819147300247,48.35684607736168,48.68585205078125,67740800
2019-07-03,48.81793765259761,49.096513935526076,48.67624931822451,49.08930969238281,45448000
2019-07-05,48.83474716761523,49.2502077106182,48.72667619789259,49.046077728271484,69062000
2019-07-08,48.224759635887956,48.36644795781788,47.64839824854326,48.03504180908203,101354400
2019-07-09,47.838111572074205,48.3928601796655,47.74445276383692,48.32802200317383,82312000
2019-07-10,48.47452111291263,48.926002876430864,48.40487521294406,48.80592727661133,71588400
2019-07-11,48.825135742181445,49.0844994559007,48.44089605343959,48.45050048828125,80767200
2019-07-12,48.6186238610567,48.990859062305766,48.55858604357838,48.82275390625,70380800
2019-07-15,49.01245366149268,49.43992247061237,48.99084093465787,49.28142547607422,67789600
2019-07-16,49.13252886435959,49.497559682715426,48.870764958537876,49.11091613769531,67467200
2019-07-17,49.00284476360155,49.252600356805964,48.81552715259427,48.834739685058594,56430000
2019-07-18,48.99084020087647,49.44232558710556,48.91879411475666,49.38949203491211,74162400
2019-07-19,49.42071239377778,49.59122135314634,48.59699556073013,48.65222930908203,83717200
2019-07-22,48.90679188467226,49.76653364625136,48.897187448726754,49.76413345336914,89111600
2019-07-23,50.06192419824494,50.1699915127743,49.780944050285115,50.15317916870117,73420800
2019-07-24,49.872191671036596,50.2276143668855,49.75211608931857,50.112342834472656,59966400
2019-07-25,50.165180323684744,50.24923470325559,49.646452890460836,49.71609878540039,55638400
2019-07-26,49.82657353603335,50.366913774922196,49.74492300161684,49.889015197753906,70475600
2019-07-29,50.06192686108473,50.585454781922124,50.05712281046305,50.35490798950195,86693600
2019-07-30,50.13395174939978,50.47016555130663,49.78573332176627,50.138755798339844,135742800
2019-07-31,51.973520210453195,53.162267870594626,50.74394728765502,51.161808013916016,277125600
2019-08-01,51.36833768054362,52.360163260236135,49.64885795831171,50.054710388183594,216071600
2019-08-02,49.3582744127231,49.57440902069414,48.42168622562673,48.99564743041992,163448400
2019-08-05,47.54753718255376,47.706034188848406,46.248318317231906,46.43083190917969,209572000
2019-08-06,47.14407142719992,47.56673979424744,46.59892729347333,47.309776306152344,143299200
2019-08-07,46.92794393689847,47.924569888809515,46.546104432236135,47.79969024658203,133457600
2019-08-08,48.07827075971028,48.87797471627512,47.883748868949,48.85395812988281,108038000
2019-08-09,48.526122283963986,48.878073216942596,48.041581905424586,48.451393127441406,98478800
2019-08-12,48.121126724740485,48.70691333240439,48.007826510055274,48.32844161987305,89927600
2019-08-13,48.45861348049926,51.139239954660816,48.328437056271014,50.37506866455078,188874000
2019-08-14,48.974489287024824,49.76517772068569,48.83708124858087,48.87565231323242,146189600
2019-08-15,49.046816702962744,49.4518019094522,48.133183319145616,48.63218688964844,108909600
2019-08-16,49.24447863840681,49.938743078281775,49.13841005138823,49.779640197753906,110481600
2019-08-19,50.77282150188003,51.281465917613836,50.63059484038089,50.70773696899414,97654400
2019-08-20,50.835494333135934,51.43092173331865,50.70049930251516,50.710140228271484,107537200
2019-08-21,51.3441393594104,51.50323854567133,51.0090610903322,51.259765625,86141600
2019-08-22,51.392356495109624,51.69368603628519,50.80416064220066,51.21638107299805,89014800
2019-08-23,50.48595686609099,51.117546110498004,48.45379212610639,48.84913635253906,187272000
2019-08-26,49.62535424502612,49.94596928348397,49.43250262391042,49.777225494384766,104174400
2019-08-27,50.10748800983436,50.27382250881443,49.0636820144767,49.215553283691406,103493200
2019-08-28,49.201083876146804,49.591605744133744,49.013054556128004,49.54580307006836,63755200
2019-08-29,50.26176347102308,50.459437399917036,49.81820730448779,50.38470458984375,83962000
2019-08-30,50.66193194339828,50.73183877566939,49.94838200013199,50.31962203979492,84573600
2019-09-03,49.762763598243694,49.89534933100552,49.23001503342677,49.586788177490234,80092000
2019-09-04,50.23524514907617,50.4980035991261,49.977309001123494,50.428096771240234,76752400
2019-09-05,51.10547852630202,51.58037406913897,50.987356048902654,51.414039611816406,95654800
2019-09-06,51.599675438181954,51.68886781233936,51.228435354290056,51.40923309326172,77449200
2019-09-09,51.79009797052756,52.17580116484428,50.88129093415617,51.62858581542969,109237600
2019-09-10,51.55386366096022,52.25776895911056,51.0355783720099,52.23848342895508,127111600
2019-09-11,52.568741804293104,53.92834038150594,52.48677738352916,53.899410247802734,177158400
2019-09-12,54.19110916164671,54.58163109690055,53.723445092923804,53.77888870239258,128906800
2019-09-13,53.03400320870536,53.224441874485464,52.31563455881338,52.73267364501953,159053200
2019-09-16,52.48678008991177,53.065334975405115,52.44579971658606,53.0098876953125,84632400
2019-09-17,53.024351190624856,53.231666034212545,52.82185497064391,53.202735900878906,73274800
2019-09-18,53.28951231143373,53.721018162540524,52.89899050425356,53.70173263549805,101360000
2019-09-19,53.51854052991049,53.940401924643595,53.12319628426561,53.26542663574219,88242400
2019-09-20,53.36666651277552,53.65111982484979,52.42410685563765,52.48678207397461,221652400
2019-09-23,52.780884587682145,52.99543108561722,52.467501112026355,52.725440979003906,76662000
2019-09-24,53.28229611150563,53.63425064474858,52.356612615724195,52.4747314453125,124763200
2019-09-25,52.68446221097044,53.39559925316639,52.34456157671541,53.28229904174805,87613600
2019-09-26,53.03399776735513,53.260598164531714,52.75195376608397,53.00748062133789,75334000
2019-09-27,53.16417596127844,53.26542593161466,52.37830978339494,52.749549865722656,101408000
2019-09-30,53.25095687319913,54.13807298560909,53.22443972553184,53.991024017333984,103909600
2019-10-01,54.25619705571964,55.015546076070336,54.046469180554524,54.14048385620117,139223200
2019-10-02,53.771653365611186,53.89700748465291,52.53499575177782,52.783294677734375,138449200
2019-10-03,52.655539889777046,53.26543440779715,51.86003265773515,53.231685638427734,114426000
2019-10-04,54.39359806442688,54.839567257316276,53.97173670620037,54.723854064941406,138478800
2019-10-07,54.545473656079785,55.42776382828695,54.441814372815855,54.73591232299805,122306000
2019-10-08,54.43698672331933,54.97696686101353,54.07780061660475,54.09467315673828,111820000
2019-10-09,54.728668212890625,54.911875222677374,54.39358995970285,54.728668212890625,74770400
2019-10-10,54.945625584243686,55.550697585412934,54.79375801474488,55.46632385253906,113013600
2019-10-11,56.15577672015505,57.28636583098088,56.00149613077123,56.941646575927734,166795600
2019-10-14,56.625848148304016,57.40448636193365,56.57040454046754,56.85968017578125,96427600
2019-10-15,56.98502123912987,57.28876003484297,56.62101654660825,56.72708511352539,87360000
2019-10-16,56.2570175797448,56.707809064497546,56.21603720446529,56.49808120727539,73903200
2019-10-17,56.671650322732425,56.92717719294954,56.29318232014836,56.71745300292969,67585200
2019-10-18,56.55112290947193,57.271904574434195,56.4788030760689,56.98986053466797,97433600
2019-10-21,57.257432573001324,58.09392363627501,57.2092205842307,57.97821044921875,87247200
2019-10-22,58.13490626794685,58.38561082629201,57.76366621548646,57.84563064575195,82293600
2019-10-23,58.361503588666736,58.63631596699273,58.149366427033016,58.621849060058594,75828800
2019-10-24,58.94246054918496,59.01237105428501,58.29158955339736,58.7182731628418,69275200
2019-10-25,58.61703767772061,59.47763299050586,58.54954015037821,59.44147491455078,73477200
2019-10-28,59.64396466103537,60.08511155841157,59.475220850701646,60.03689956665039,96572800
2019-10-29,60.0176043569974,60.205633669385456,58.47479879936761,58.64836120605469,142839600
2019-10-30,59.002735445622676,59.13291187162971,58.14696246276344,58.64113998413086,124522000
2019-10-31,59.60057733000732,60.06582840250185,57.194759487710684,59.96699142456055,139162000
2019-11-01,60.15502027808922,61.695416820540515,60.063418594376806,61.66890335083008,151125200
2019-11-04,62.03290281588239,62.15826061609093,61.56283313513562,62.07388687133789,103272000
2019-11-05,61.96540622347344,62.24022230651498,61.78943447311597,61.98469543457031,79897600
2019-11-06,61.89790737699547,62.07147348977056,61.560419756787894,62.011207580566406,75864400
2019-11-07,62.56006811548702,62.94934965773805,62.40774087629165,62.72690200805664,94940400
2019-11-08,62.54798016403121,62.971108094194825,62.1030922543396,62.89857482910156,69986400
2019-11-11,62.45367932088936,63.4619359747312,62.44884622948866,63.39665603637695,81821200
2019-11-12,63.23948552212569,63.53930688725742,63.087165672731985,63.338619232177734,87388800
2019-11-13,63.13794563949337,64.02046818348111,63.123438985634515,63.94551467895508,102734400
2019-11-14,63.771424591526475,64.04464552488129,63.37247687078284,63.50304412841797,89182800
2019-11-15,63.75450903380641,64.26226412261309,63.59251558460841,64.25743103027344,100206400
2019-11-18,64.26707764289107,64.66119222217237,63.88747709374244,64.58140563964844,86703200
2019-11-19,64.77484854643953,64.79902876426905,64.16796713788763,64.38557434082031,76167200
2019-11-20,64.20421477742119,64.33477463328865,62.96142426063342,63.63601303100586,106234400
2019-11-21,63.756912837358584,63.83428656745313,63.150024171249854,63.350711822509766,121395200
2019-11-22,63.49094453024908,63.633598192934166,63.06781663323291,63.29509735107422,65325200
2019-11-25,63.5199569508323,64.42182648371684,63.47401676092239,64.40489959716797,84020400
2019-11-26,64.54272406697714,64.5959175859416,63.46918750516007,63.9019889831543,105207600
2019-11-27,64.21390349675437,64.79419924156393,64.1486235459084,64.76034545898438,65235600
2019-11-29,64.4605078528704,64.79900866116844,64.29125375933928,64.61766815185547,46617600
2019-12-02,64.62251881503481,64.85947313465985,63.698896510970194,63.87056350708008,94487200
2019-12-03,62.45609029176561,62.75107115629454,61.96768249718288,62.73173141479492,114430400
2019-12-04,63.123433679443984,63.66503505468957,63.029133058522476,63.28542709350586,67181600
2019-12-05,63.781095971846014,64.28885095304722,63.52480193558771,64.2138900756836,74424400
2019-12-06,64.67328570010923,65.52437455083492,64.62975836745419,65.45425415039062,106075600
2019-12-09,65.28259713814829,65.47602410408834,64.05190017384767,64.53789520263672,128042400
2019-12-10,64.9440905139208,65.29951825094075,64.28158808770608,64.91507720947266,90420400
2019-12-11,64.99484891870932,65.54854394773184,64.91989543978755,65.46875,78756800
2019-12-12,64.74582148054621,65.90156481108771,64.63460135668024,65.6355972290039,137310400
2019-12-13,65.63559036483228,66.5640528807458,65.50744336760692,66.52778625488281,133587600
2019-12-16,66.9751023722713,67.89147858269702,66.97026928116301,67.66661071777344,128186000
2019-12-17,67.59649818434546,68.12842598196593,67.41031718322796,67.79959869384766,114158400
2019-12-18,67.65210278218578,68.15985773199434,67.48768914244279,67.6375961303711,116028400
2019-12-19,67.5795573659543,67.98575830122206,67.44657728865374,67.70528411865234,98369200
2019-12-20,68.2396677181851,68.34121430473067,67.35230462042438,67.56507873535156,275978000
2019-12-23,67.82862280733296,68.72807228061515,67.78993593572481,68.6676254272461,98572000
2019-12-24,68.83445648296811,68.88281691516765,68.40649543518947,68.73290252685547,48478800
2019-12-26,68.8658836216346,70.11350739294336,68.83687031651944,70.0965805053711,93121200
2019-12-27,70.38913024148955,71.07822564604481,69.66376821117122,70.0699691772461,146266000
2019-12-30,69.98778126028415,70.76875724678601,68.96260500854218,70.4858627319336,144114400
2019-12-31,70.101382648691,71.00808492708053,70.0022489808023,71.0008316040039,100805600
2020-01-02,71.62709199861638,72.68128882574726,71.37321819790198,72.62084197998047,135480400
2020-01-03,71.84712526182395,72.67645428247283,71.68996492576686,71.91482543945312,146322800
2020-01-06,71.03472433546915,72.52654850385467,70.78326336625187,72.48786163330078,118387200
2020-01-07,72.49752175701711,72.75381577050801,71.9269071243437,72.14693450927734,108872000
2020-01-08,71.84954784350802,73.60975989811726,71.84954784350802,73.30752563476562,132079200
2020-01-09,74.28677138293455,75.05807391388103,74.03531775575006,74.8646469116211,170108400
2020-01-10,75.09916946286842,75.59967116208304,74.53096758540974,75.03388214111328,140644800
2020-01-13,75.3506140079616,76.66351755996668,75.23213318778205,76.63691711425781,121532000
2020-01-14,76.57404817184627,76.7844019623262,75.47875189343146,75.60205841064453,161954400
2020-01-15,75.40139008732662,76.28391248020361,74.84527472915032,75.278076171875,121923600
2020-01-16,75.82209877195635,76.33227394816954,75.45941772509225,76.2210464477539,108829200
2020-01-17,76.47010092249148,77.06731611579798,76.16303357048375,77.06490325927734,137816400
2020-01-21,76.69252476374683,77.13499233659138,76.40479724710379,76.54261779785156,110843200
2020-01-22,77.02861598860008,77.36953706088629,76.7215486894379,76.81584930419922,101832400
2020-01-23,76.86902733138429,77.26555469566965,76.3201653975001,77.1857681274414,104472000
2020-01-24,77.43240119345582,78.17710300745777,76.772319051517,76.96333312988281,146537600
2020-01-27,74.96857569534384,75.38202994564323,73.71611915121242,74.7001953125,161940000
2020-01-28,75.58273394834251,76.98509775416542,75.48360024038988,76.81343078613281,162234000
2020-01-29,78.44791850299463,79.2699941203994,77.70562947444549,78.42131805419922,216229200
2020-01-30,77.50254458920554,78.3608870109976,77.069743025065,78.30769348144531,126743200
2020-01-31,77.59681700240047,78.01994488964468,74.54062855663432,74.83560943603516,199588400
2020-02-03,73.57589958168212,75.79792627872014,73.0729850588055,74.63009643554688,173788400
2020-02-04,76.2379958862273,77.28493961664756,75.83179476448423,77.09392547607422,136616400
2020-02-05,78.22305134186004,78.52287271376575,77.11808861152979,77.7225570678711,118826800
2020-02-06,77.99336084201738,78.63409595534088,77.43483255655748,78.63167572021484,105425600
2020-02-07,78.12996756118129,78.37959926522765,77.07085045375861,77.5628433227539,117684000
2020-02-10,76.1450504217699,77.9312515258789,76.06507446922856,77.9312515258789,109348800
2020-02-11,78.42810896155788,78.50081438451934,77.24295879333263,77.4610824584961,94323200
2020-02-12,77.91187311697357,79.30545033637647,77.91187311697357,79.30060577392578,113730400
2020-02-13,78.57110461163032,79.06309771829142,78.36752202228222,78.73590850830078,94747600
2020-02-14,78.70437073623225,79.00490364230242,78.24631193166864,78.7552719116211,80113600
2020-02-18,76.43101136685644,77.49498040250103,76.24924049804682,77.3132095336914,152531200
2020-02-19,77.55559118024817,78.6631837418977,77.55559118024817,78.43293762207031,93984000
2020-02-20,78.19300936850892,78.68257641893778,77.12176941520916,77.62830352783203,100566000
2020-02-21,77.22113145649439,77.66465663516524,75.2531595150605,75.87117767333984,129554000
2020-02-24,72.04428953806494,73.72142482703582,70.09812948275813,72.26725769042969,222195200
2020-02-25,72.93860713253768,73.3215345796045,69.34681232251152,69.81941223144531,230673600
2020-02-26,69.4437526290761,72.19455366055257,69.43648208910632,70.927001953125,198054800
2020-02-27,68.12773623181833,69.31530465753468,66.15491247212168,66.29063415527344,320605600
2020-02-28,62.34983736802518,67.47577466773187,62.13413237510461,66.25184631347656,426510000
2020-03-02,68.41372189685545,73.05736355673497,67.30855537364073,72.41995239257812,341397200
2020-03-03,73.59782628927844,73.6778022281249,69.26682558358837,70.11994171142578,319475600
2020-03-04,71.84555625982283,73.53238817702517,71.04334126232827,73.37242889404297,219178400
2020-03-05,71.62255701940494,72.59927205760484,70.62645634555987,70.99242401123047,187572800
2020-03-06,68.34586073075151,70.48348836275598,68.15924526304715,70.0496597290039,226176800
2020-03-09,63.92278272470353,67.39824232728182,63.74101177856693,64.5093002319336,286744800
2020-03-10,67.16799216221737,69.4219485531025,65.28484074636239,69.15534973144531,285290000
2020-03-11,67.228565607775,68.15680559462812,65.88830129483978,66.75353240966797,255598800
2020-03-12,62.02992621470894,65.43752410022596,60.1055776920594,60.161319732666016,418474000
2020-03-13,64.19906676832508,67.84175558934598,61.30526952735632,67.36914825439453,370732000
2020-03-16,58.63929237514396,62.79093727126344,58.166688768527365,58.702308654785156,322423600
2020-03-17,59.98682095947624,62.43466692909921,57.77891021775957,61.28345489501953,324056000
2020-03-18,58.11094663703243,60.59030070646208,57.46868723066085,59.78323745727539,300233600
2020-03-19,59.95773914025238,61.27860698512917,58.79925286107015,59.32517623901367,271857200
2020-03-20,59.906840554892725,61.03382237097015,55.258354443077174,55.55888366699219,401693200
2020-03-23,55.27773981437753,55.37953106884565,51.52841196651316,54.378578186035156,336752800
2020-03-24,57.28449233521307,60.03044512491102,56.785228864020425,59.83413314819336,287531200
2020-03-25,60.77206840473627,62.58977733010226,59.20883946854917,59.504520416259766,303602000
2020-03-26,59.74688118939386,62.69399042923719,59.708102511703466,62.635826110839844,252087200
2020-03-27,61.25679266007546,62.012958412771816,59.875334574134676,60.042564392089844,204216800
2020-03-30,60.76964580920623,61.92813199578418,60.44487900563897,61.75605392456055,167976400
2020-03-31,61.94753555170828,63.61740067966238,61.07503359255894,61.63003921508789,197002000
2020-04-01,59.74203576856197,60.28007792812991,57.95583490890622,58.387237548828125,176218400
2020-04-02,58.24908573406499,59.41484243057951,57.415362674282804,59.36152267456055,165934000
2020-04-03,58.845304798537626,59.54815085540586,57.91706088463897,58.5084228515625,129880000
2020-04-06,60.80843142300017,63.76765998471095,60.44004501427147,63.612552642822266,201820400
2020-04-07,65.63140853862814,65.84953953078768,62.77154940088239,62.875762939453125,202887200
2020-04-08,63.67799451502323,64.80012832217328,63.31203404517182,64.48506164550781,168895200
2020-04-09,65.12244490348174,65.45447850037023,64.15300028948886,64.95036315917969,161834800
2020-04-13,65.02793193786948,66.33426233514128,64.42687350884506,66.2251968383789,131022800
2020-04-14,67.86113496690535,69.86061483646596,67.38852767558943,69.56977844238281,194994800
2020-04-15,68.44281379449058,69.39529170786052,68.01383705547038,68.93480682373047,131154400
2020-04-16,69.64974320028278,69.84848110335115,68.43066700387648,69.48251342773438,157125200
2020-04-17,68.99780771504257,69.54554637079254,67.1001154570163,68.53974151611328,215250000
2020-04-20,67.36429382895744,68.26829630867668,67.09769504818215,67.11708068847656,130015200
2020-04-21,66.95955863717874,67.19464932019156,64.3299378788463,65.04248046875,180991600
2020-04-22,66.31244725801642,67.35217892207115,65.9707244599182,66.91593170166016,116862400
2020-04-23,66.86019112654976,68.28527633787508,66.61782989731152,66.65660858154297,124814400
2020-04-24,67.18252643877639,68.5906443947667,67.13405124110245,68.58094787597656,126161200
2020-04-27,68.29738398813116,68.96145871324816,67.84902167998845,68.62942504882812,117087600
2020-04-28,69.09232309926307,69.27409398731281,67.42488436575898,67.51697540283203,112004800
2020-04-29,69.00753524449358,70.2048006518257,68.80395264113037,69.734619140625,137280800
2020-04-30,70.27504532581419,71.3826376879092,69.88484737820362,71.2057113647461,183064000
2020-05-01,69.37589630273538,72.46600172757337,69.27895329807433,70.05935668945312,240616800
2020-05-04,70.08357948850092,71.17904926274149,69.39284870721828,71.05059814453125,133568000
2020-05-05,71.51110890677606,72.95073530482605,71.36569067940447,72.11701202392578,147751200
2020-05-06,72.81985643084153,73.49362038525668,72.43450294504117,72.8610610961914,142333600
2020-05-07,73.48878193571036,73.96138935368272,73.18583035913288,73.61480712890625,115215200
2020-05-08,74.27580576384341,75.42041508755761,73.9477309492938,75.36695098876953,133838400
2020-05-11,74.87361403597093,77.04861391058948,74.66461535055964,76.55286407470703,145946400
2020-05-12,77.2381835420649,77.69019956686239,75.5565080151993,75.67801666259766,162301200
2020-05-13,75.85782927883679,76.78129923204625,73.68525458009285,74.76425170898438,200622400
2020-05-14,74.00118763637258,75.28431846247351,73.2769935373758,75.22356414794922,158929200
2020-05-15,72.99025052866202,74.82502825231288,72.95622454544424,74.77885437011719,166348400
2020-05-18,76.10572250052454,76.91496675486883,75.4131217905622,76.54071807861328,135178400
2020-05-19,76.55773324993602,77.40586118201702,76.06684101530527,76.09843444824219,101729600
2020-05-20,76.95870878721165,77.64887695753947,76.91982513329616,77.57840728759766,111504800
2020-05-21,77.43988355018321,77.98181472796601,76.76186329555514,77.0000228881836,102688800
2020-05-22,76.73757594071667,77.57842120189112,76.63551282014404,77.49579620361328,81803200
2020-05-26,78.61607981377851,78.79591020427941,76.91495907592241,76.97085571289062,125522000
2020-05-27,76.82748410104101,77.4520328550853,76.08627697001077,77.30622100830078,112945200
2020-05-28,76.98055708772252,78.6014851025523,76.70352133146933,77.34022521972656,133560800
2020-05-29,77.58325219172917,78.04498345448154,76.9076645757953,77.26490020751953,153532400
2020-06-01,77.2187384764973,78.33661941527829,77.0875070725464,78.2151107788086,80791200
2020-06-02,77.94779558300193,78.60151268485856,77.50550233633703,78.57720947265625,87642800
2020-06-03,78.89799500589793,79.27224371259338,78.32447033961016,79.00978088378906,104491200
2020-06-04,78.832393344048,79.13129990633254,77.95509694735473,78.329345703125,87560400
2020-06-05,78.57963713789907,80.62098075901221,78.55047625158724,80.56022644042969,137250400
2020-06-08,80.25645380649277,81.07056314819836,79.54441498185327,81.03653717041016,95654400
2020-06-09,80.71574880080514,83.98918386938145,80.68415537333125,83.59549713134766,147712400
2020-06-10,84.54572491407342,86.21525273105746,84.10586415417485,85.74623107910156,166651600
2020-06-11,84.88836389660872,85.31364412865861,81.52743824020874,81.62950134277344,201662400
2020-06-12,83.77292472564989,84.52141475338468,81.22124305210475,82.33425903320312,200146000
2020-06-15,80.98551479918848,84.00621804239414,80.82268994587284,83.35250091552734,138808800
2020-06-16,85.41085390565064,85.83370902956554,83.77291975886371,85.5615234375,165428800
2020-06-17,86.30758476368395,86.36833908315948,85.32093520870518,85.44244384765625,114406400
2020-06-18,85.39869601495222,85.89445330068732,84.86648762356708,85.4764633178711,96820400
2020-06-19,86.18363944319607,86.65022840110043,83.87740074194414,84.98799133300781,264476000
2020-06-22,85.3816816208449,87.35498054805204,85.33550774901583,87.21160125732422,135445200
2020-06-23,88.458271564233,90.49475713465449,88.0378490872063,89.07310485839844,212155600
2020-06-24,88.70131477484408,89.62235242126178,87.12655999609684,87.50080871582031,192623200
2020-06-25,87.65634205576191,88.70131346707345,86.89569672901172,88.66242980957031,137522400
2020-06-26,88.55792788577938,88.77907450051282,85.78995750703652,85.93820190429688,205256800
2020-06-29,85.84585558837018,88.01357302520984,85.3671112421525,87.91879272460938,130646000
2020-06-30,87.50564539182193,88.93945305521017,87.48620727559833,88.6526870727539,140223200
2020-07-01,88.7304656885215,89.2748220077914,88.43641686423359,88.48501586914062,110737200
2020-07-02,89.39390551485566,90.03060958463712,88.37080487027472,88.48501586914062,114041600
2020-07-06,89.91640216330728,91.32104187882805,89.88480872729063,90.85202026367188,118655600
2020-07-07,91.23111377416458,92.01119713048321,90.45832063925833,90.57010650634766,112424400
2020-07-08,91.54945284952733,92.7110749334306,91.46196278865938,92.67948150634766,117092000
2020-07-09,93.57380627647132,93.62727037791086,92.0282198433449,93.07805633544922,125642800
2020-07-10,92.67220049027107,93.29918917048931,92.0597996685609,93.24085998535156,90257200
2020-07-13,94.54827872663634,97.16314637894085,92.59685075274095,92.81070709228516,191649200
2020-07-14,92.19102638698895,94.53857406439258,91.25541584676947,94.34659576416016,170989200
2020-07-15,96.22511199118148,96.47541947180446,93.79493939627933,94.99544525146484,153198000
2020-07-16,93.86541410703498,94.68438106422201,93.22627754411272,93.82653045654297,110577600
2020-07-17,94.27854726393537,94.43407445102358,93.16309153453818,93.63697814941406,92186800
2020-07-20,93.72446644412312,95.74879688151813,93.379378684577,95.61027526855469,90318000
2020-07-21,96.4025235355618,96.47785829760365,94.04039532290807,94.29070281982422,103433200
2020-07-22,93.9917859277632,95.23846569726479,93.90430327124304,94.55558776855469,89001600
2020-07-23,94.28826007791201,94.36602737751309,89.4400704095434,90.25174713134766,197004400
2020-07-24,88.44613048133,90.37325548035092,86.65508713174927,90.02816772460938,185438800
2020-07-27,91.09259829217558,92.2542206187511,90.8690265429245,92.16187286376953,121214000
2020-07-28,91.73172785652534,91.90913313088771,90.64300783304508,90.64787292480469,103625600
2020-07-29,91.1314746598381,92.57014013630604,91.09502355323384,92.38544464111328,90329200
2020-07-30,91.5567407848433,93.60780678551026,91.14847362110889,93.50331115722656,158130000
2020-07-31,100.01133514701584,103.4427380109372,98.00886768351042,103.29206848144531,374336800
2020-08-03,105.17787147768598,108.51935893981127,104.87896498205056,105.894775390625,308151200
2020-08-04,106.08433124379282,107.69553697101213,105.36013709111648,106.60195922851562,173071600
2020-08-05,106.32249256981191,107.30914213352884,105.855896128936,106.98835754394531,121776800
2020-08-06,107.32129786014727,111.2168648469505,106.73076760644739,110.72110748291016,202428800
2020-08-07,110.24148657363267,110.69918395823287,107.40523237781791,108.20376586914062,198045600
2020-08-10,109.65231698977226,110.79656040754556,107.12038216987283,109.77648162841797,212403600
2020-08-11,109.03883340833443,109.53791413310383,106.25126539914736,106.51176452636719,187902400
2020-08-12,107.60487346037331,110.30966741081477,107.41011206954046,110.05160522460938,165598000
2020-08-13,111.43442627597457,113.00471686377213,110.94507845537643,111.9992446899414,210082000
2020-08-14,111.8239663506483,111.9895142842953,110.0856907583412,111.8994369506836,165565200
2020-08-17,113.02419710369587,113.04854413558671,110.9791727292724,111.60728454589844,119561600
2020-08-18,111.35894623327408,112.96331658371079,111.02297655985981,112.53726959228516,105633600
2020-08-19,112.94628453517508,114.09539455025546,112.58353829409737,112.67848205566406,145538000
2020-08-20,112.71987050380967,115.29319632845385,112.70282683961905,115.17877197265625,126907200
2020-08-21,116.14041187069935,121.59868597251888,116.1282420708619,121.11421203613281,338054800
2020-08-24,125.3284093838819,125.41362769585429,120.69302357078764,122.56275939941406,345937600
2020-08-25,121.43313191060219,121.90299909151933,119.83119107466611,121.55728912353516,211495600
2020-08-26,122.87683252443458,123.66806272085745,121.80805955440918,123.21036529541016,163022400
2020-08-27,123.8141318298438,124.14766458561553,120.5907768320979,121.73745727539062,155552400
2020-08-28,122.71372527916922,123.13246897997037,121.31629327483492,121.54027557373047,187630000
2020-08-31,124.24017021395687,127.57063853613053,122.70153019505685,125.66194152832031,225702700
2020-09-01,129.28457897882038,131.27118380524524,127.11296048915095,130.6674041748047,151948100
2020-09-02,133.9881416796695,134.36793159802133,123.67537209267218,127.9601821899414,200119000
2020-09-03,123.58770382002211,125.46717239071351,117.34550374738473,117.7155532836914,257599600
2020-09-04,116.9267639955814,120.4617338734343,107.98708104487906,117.79346466064453,332607200
2020-09-08,110.96700083329368,115.87506402567054,109.73025030829417,109.86658477783203,231366600
2020-09-09,114.19035236329198,116.02113476904711,112.24270866069972,114.248779296875,176940500
2020-09-10,117.20918576977877,117.34552021964375,109.55494626315287,110.51902770996094,182274400
2020-09-11,111.57076060821522,112.21348654678461,107.12039538792202,109.06803894042969,180860300
2020-09-14,111.71683492125261,112.89515837432545,109.84709890131904,112.34008026123047,140150100
2020-09-15,115.23233698136607,115.71924788814476,110.63589683262789,112.51537322998047,184642000
2020-09-16,112.21347910439461,112.96331855332305,109.10698546668381,109.19462585449219,154679000
2020-09-17,106.84771238414066,109.26278591004208,105.86415043956644,107.45147705078125,178011000
2020-09-18,107.50990847358545,107.97733869117779,103.31273223375831,104.04309844970703,287104900
2020-09-21,101.80330793878365,107.30540130167184,100.40100249884456,107.19828033447266,195713800
2020-09-22,109.730230798935,109.90551900427155,106.3023816419501,108.88300323486328,183055400
2020-09-23,108.69799408278124,109.17516469365749,103.97495231814074,104.3157958984375,150718700
2020-09-24,102.41683403022385,107.36385041762158,102.25128611202055,105.38699340820312,167743300
2020-09-25,105.591486218956,109.49651327893982,104.85137965372228,109.3406982421875,149981400
2020-09-28,111.99922505805824,112.30110737861732,109.82759960623372,111.95053100585938,137672400
2020-09-29,111.55128945340192,112.29138866733861,110.5969408264079,111.10332489013672,99382200
2020-09-30,110.81117321087004,114.19033573143906,110.64562530338286,112.77828979492188,142675200
2020-10-01,114.56039012939586,114.63829765255329,112.79777513856307,113.7326431274414,116120400
2020-10-02,109.93473854776296,112.34981979602337,109.28227974779207,110.06133270263672,144712000
2020-10-05,110.92805362201211,113.59632348580747,110.57747715177082,113.45024871826172,106243800
2020-10-06,112.6711784272963,113.0801892267211,109.31149621483338,110.19767761230469,161498200
2020-10-07,111.61945619842345,112.52511075993657,111.14227817215749,112.06741333007812,96849000
2020-10-08,113.20679509491717,113.3528698648449,111.59024718581414,111.9603042602539,83477200
2020-10-09,112.26218241086576,113.93715719252894,111.91160594820737,113.90794372558594,100506900
2020-10-12,116.91704953250022,121.90302010472617,116.15746967435607,121.14344024658203,240226800
2020-10-13,121.99066017012335,122.10752146708244,116.51778611511698,117.92982482910156,262330500
2020-10-14,117.83244278615233,119.80929993505694,116.48857131996704,118.01747131347656,150712000
2020-10-15,115.61213018549682,118.0272041912552,115.05705203315414,117.55003356933594,112559200
2020-10-16,118.10509791229572,118.36803393931339,115.69975705683035,115.90425872802734,115393800
2020-10-19,116.81966187710711,117.26761901216874,112.6322326077899,112.94385528564453,120639300
2020-10-20,113.15809570072342,115.86532667753185,112.60301754486916,114.43380737304688,124423700
2020-10-21,113.6157704572297,115.60236752064498,113.40152850485114,113.81053924560547,89946000
2020-10-22,114.37537332371151,114.94993207870618,111.59024223801931,112.71987915039062,101988000
2020-10-23,113.34311554903111,113.49893059893087,111.28835101391871,112.02845764160156,82572600
2020-10-26,111.02541726060738,113.49892534064216,109.92499395326571,112.03819274902344,111850700
2020-10-27,112.46667230975785,114.20981414129767,111.54154461515651,113.54761505126953,92276800
2020-10-28,112.03819046643926,112.4082400407623,108.19159026240904,108.28897094726562,143937800
2020-10-29,109.42835336524011,113.86897819384106,109.26279802021777,112.3011245727539,146129200
2020-10-30,108.15263578946613,109.05829026903429,104.90007487274673,106.0102310180664,190272600
2020-11-02,106.25368777978908,107.7825875731632,104.51054602064647,105.9225845336914,122866900
2020-11-03,106.78928656758603,108.57137455492787,105.8836321285859,107.54886627197266,107624400
2020-11-04,111.15203304053807,112.56407184868188,109.40889091710002,111.94082641601562,138235500
2020-11-05,114.8622570736407,116.48854482511521,113.81053537089608,115.91398620605469,126387100
2020-11-06,115.42138735344203,116.27982636729172,113.28503575822147,115.7823257446289,114457900
2020-11-09,117.54795729060733,119.0014527698893,113.20697761247202,113.4703598022461,154515300
2020-11-10,112.71924303088868,114.70926027820961,111.33402473178882,113.12895202636719,138023400
2020-11-11,114.31906384026838,116.69928328623824,113.58743745496243,116.56271362304688,112295000
2020-11-12,116.68954065260598,117.57724351680127,115.66526067450714,116.28958129882812,103162300
2020-11-13,116.51396193557076,116.73832322907438,114.98242408441118,116.33837127685547,81581900
2020-11-16,116.00667744857009,118.0259659670156,115.25554430373279,117.35287475585938,91183000
2020-11-17,116.62126333074048,117.7138207724506,116.04571329913442,116.46517944335938,74271000
2020-11-18,115.70426632741369,116.88462258409794,115.10920964823985,115.13847351074219,76322100
2020-11-19,114.70926343660877,116.14325240275551,113.94837315477305,115.7335433959961,74113000
2020-11-20,115.73352541255366,115.86033795899172,114.41659955689461,114.46537017822266,73604300
2020-11-23,114.30929761671617,114.7385207767759,110.96332625053886,111.06087493896484,127959300
2020-11-24,111.11941434226163,113.01188278583413,109.83174481299207,112.34854125976562,113874200
2020-11-25,112.7192403972066,113.8898396262195,112.34854493544476,113.1874771118164,76499200
2020-11-27,113.71425025675507,114.61171017176824,113.37282609805314,113.73375701904297,46691300
2020-11-30,114.1044534951316,118.00646092624498,113.94836962549256,116.13349914550781,169410200
2020-12-01,118.04548519888809,120.44521894311592,117.06998331379602,119.71359252929688,127728200
2020-12-02,119.0307365025797,120.34766999877131,117.92842205395955,120.06477355957031,89004200
2020-12-03,120.4939775191396,120.7476100677901,119.2160725590913,119.92819213867188,78967600
2020-12-04,119.59651292977875,119.85014546839597,118.54296925474208,119.25508880615234,78260400
2020-12-07,119.31361315240613,121.51824912647388,119.25508543072324,120.71833801269531,86712000
2020-12-08,121.32316659995087,121.9182233181416,120.07451799223874,121.33291625976562,82225500
2020-12-09,121.47925352360127,122.86446447083719,118.03573291931536,118.79662322998047,115089200
2020-12-10,117.54797505007178,120.83541902329915,117.2065508848971,120.2208480834961,81312200
2020-12-11,119.4306853501199,119.75260272945025,117.5967446503537,119.41117858886719,86939800
2020-12-14,119.59653451074239,120.32816095445716,118.56250485188869,118.79662322998047,79184500
2020-12-15,121.29389217444482,124.76668369873353,121.08903768627563,124.7471694946289,157243700
2020-12-16,124.28869163586886,125.22516505635238,123.45950912702416,124.67888641357422,98208600
2020-12-17,125.74217073899736,126.40551967508249,124.9032386311393,125.54707336425781,94359800
2020-12-18,125.80071733474844,125.93728698989182,123.03028838222276,123.55706024169922,192541500
2020-12-21,121.95724006069578,125.16664209419943,120.42570242817166,125.0886001586914,121251600
2020-12-22,128.3858259757582,131.11723470509068,126.4738353997314,128.6492156982422,168904800
2020-12-23,128.92233884278792,129.18571364711548,127.57614141408989,127.75173950195312,88223700
2020-12-24,128.1028988014902,130.19047198118514,127.88828722259836,128.73696899414062,54930100
2020-12-28,130.70747235611557,133.97539397548348,130.23922084365992,133.34132385253906,124486200
2020-12-29,134.66805255137436,135.38991449680984,131.04893362298358,131.56594848632812,121047300
2020-12-30,132.2585720130278,132.65853143284153,130.13196976705186,130.4441375732422,96452100
2020-12-31,130.79527790714135,131.43911264182535,128.49309315567558,129.4393310546875,99116600
2021-01-04,130.24901359048766,130.33680518621807,123.65461887853952,126.23970031738281,143301900
2021-01-05,125.73240216140931,128.51258770929192,125.28366487055057,127.80046081542969,97664900
2021-01-06,124.59109992908554,127.83952293982475,123.28392355422082,123.49853515625,155088000
2021-01-07,125.21542502622191,128.4053204209461,124.72767407409188,127.71270751953125,109578200
2021-01-08,129.1857135709603,129.38082586513295,127.03961229986527,128.81503295898438,105158200
2021-01-11,126.0250828794601,126.98107049808904,125.35198424007667,125.82022094726562,100384500
2021-01-12,125.35198453697099,126.51283409054386,123.75216213905773,125.64463806152344,91951100
2021-01-13,125.60560987814115,128.2297121742047,125.34223510205064,127.68343353271484,88636800
2021-01-14,127.59561240882226,127.79070975205978,125.60558080686934,125.75191497802734,90221800
2021-01-15,125.62514462280993,127.02986986487868,123.88875227774692,124.02532196044922,111598500
2021-01-19,124.64961670921872,125.55684110809314,123.8301987834441,124.69839477539062,90757300
2021-01-20,125.50808026921992,129.24425439918255,125.40077446290326,128.79551696777344,104319500
2021-01-21,130.52210948149528,136.24829877795602,130.31724760799727,133.5168914794922,120150900
2021-01-22,132.94138184988222,136.4239303613806,131.71225496139948,135.6630401611328,114459400
2021-01-25,139.5650506326583,141.53555356505598,133.19501014057846,139.41871643066406,157611700
2021-01-26,140.0820551764804,140.76490341435823,137.90667558906043,139.65283203125,98390600
2021-01-27,139.91623636383397,140.76493317496252,136.97023121686135,138.57980346679688,140843800
2021-01-28,136.1020139559467,138.51150456888308,133.35109176240107,133.73153686523438,142621100
2021-01-29,132.50240567092084,133.39011584373532,127.0200905501982,128.7272186279297,177523800
2021-02-01,130.47336045084296,132.06343308345475,127.72243834178269,130.8538055419922,106239800
2021-02-02,132.4048604919866,132.97065334502736,131.31230319506753,131.68299865722656,83305400
2021-02-03,132.434112108336,132.4438766522119,130.33678930161688,130.65870666503906,89880900
2021-02-04,132.96090698056452,134.03395009949696,131.29279224448268,134.02420043945312,84183100
2021-02-05,134.18538039178418,134.25375979845862,132.72970551008535,133.6089630126953,75693800
2021-02-08,132.8958097444442,133.80438990060523,131.81138402031524,133.7555389404297,71297200
2021-02-09,133.4721970895325,134.70317555376081,132.71994903608007,132.87625122070312,76774200
2021-02-10,133.3354359263558,133.83369484015344,131.3033582625716,132.2705535888672,73046600
2021-02-11,132.76880394646017,133.2475195180307,130.68789013114852,132.0165557861328,64280000
2021-02-12,131.25453423442616,132.40733945975953,130.60973729116114,132.2510223388672,60145100
2021-02-16,132.3682407877475,132.87624896678753,129.73043835612683,130.12123107910156,80576300
2021-02-17,128.22593539388413,129.17358730899167,126.48694866264363,127.82537841796875,97918500
2021-02-18,126.22319181191021,127.00476256297294,124.47444048656703,126.72145080566406,96856700
2021-02-19,127.23920884062578,127.69838099168602,125.83238479543854,126.87772369384766,87668800
2021-02-22,125.06059198229507,126.73119944348443,122.70612324188585,123.09690856933594,103916400
2021-02-23,120.90852273493111,123.79055058664284,115.66224697568336,122.96013641357422,158273000
2021-02-24,122.06132638305527,122.66703652293154,119.41376694425402,122.46187591552734,111039900
2021-02-25,121.8073067346508,123.54629339463172,117.76269513453965,118.20232391357422,148199500
2021-02-26,119.76545297759803,121.97338337699165,118.4074799658281,118.46610260009766,164560400
2021-03-01,120.89872523618496,124.98241580897377,119.96084511060396,124.84564208984375,116307900
2021-03-02,125.4513804584117,125.75423553632803,122.12971646948624,122.2371826171875,102260900
2021-03-03,121.93431163375459,122.81357666599573,119.03274075416354,119.24767303466797,112966300
2021-03-04,118.944829308409,120.7522030474246,115.88694849490929,117.36215209960938,178155000
2021-03-05,118.1925717528084,119.13045204315196,114.8611360499832,118.62242889404297,153766600
2021-03-08,118.1437131191071,118.21209998624401,113.53246306756205,113.67900848388672,154376600
2021-03-09,116.28748419318423,119.24767018634864,116.05301600805683,118.30001831054688,129525800
2021-03-10,118.88618336267983,119.35511966749245,116.69778909486034,117.21558380126953,111943300
2021-03-11,119.71661693138803,120.37117800154545,118.466109975383,119.14997863769531,103026500
2021-03-12,117.62591989887572,118.37817539980497,116.41449226141691,118.24140167236328,88105100
2021-03-15,118.61265932269635,121.14298091076107,117.64546402785827,121.13320922851562,92403800
2021-03-16,122.80379800272826,124.28878051800578,121.84638193041286,122.67679595947266,115227900
2021-03-17,121.19183477482309,122.96012916956329,119.52122739044147,121.8854751586914,111932600
2021-03-18,120.04879084564699,120.34188170191756,117.54777669894918,117.75293731689453,121229700
2021-03-19,117.13746478153267,118.6322118694799,116.92253246365073,117.22538757324219,185549500
2021-03-22,117.55753401515928,121.0159714098922,117.48914715086833,120.54702758789062,111912300
2021-03-23,120.48842032011387,121.37744961429632,119.3258360971887,119.71662139892578,95467100
2021-03-24,119.9901539097823,120.0683124511043,117.3035155441106,117.32305145263672,88530500
2021-03-25,116.78572816384742,118.85688478567056,116.25816919073374,117.81153106689453,98844700
2021-03-26,117.57707345629376,118.68104245336015,116.18002108358161,118.4172592163086,94071200
2021-03-29,118.8471283250857,119.7557009862055,117.94832734627744,118.5931167602539,80819200
2021-03-30,117.34261942506161,117.6259386065679,116.1214199118157,117.13745880126953,85671900
2021-03-31,118.84713726365028,120.67404695199468,118.35865746187088,119.33561706542969,118323800
2021-04-01,120.8108201276386,121.31883580815018,119.66777180267046,120.16602325439453,75089100
2021-04-05,121.01597988601445,123.25321810824464,120.23440927913929,122.99920654296875,88651200
2021-04-06,123.58536685624392,124.20084860867148,122.75495283844548,123.30204772949219,80171300
2021-04-07,122.93081907715764,124.97266091095268,122.2567146183403,124.953125,83466700
2021-04-08,125.97891369955215,127.38573764361068,125.55882830617732,127.35643005371094,88844600
2021-04-09,126.80931084277108,129.97464920254424,126.48691250849515,129.93557739257812,106686700
2021-04-12,129.4666782429754,129.78907666965299,127.62022536816302,128.21617126464844,91420000
2021-04-13,129.38850198628998,131.5573529909673,128.89024316451298,131.3326416015625,91266500
2021-04-14,131.83091652103695,131.88953170552884,128.62649057291716,128.9879608154297,87222800
2021-04-15,130.7367366603593,131.88954179614893,130.56087618621004,131.40106201171875,89347100
2021-04-16,131.20563662038447,131.56710679010823,130.2091339630303,131.06886291503906,84922400
2021-04-19,130.43385740885776,132.34870458701315,130.2677760828126,131.73321533203125,94264200
2021-04-20,131.90907172571517,132.40731568848526,128.7730252699242,130.04307556152344,94812300
2021-04-21,129.31035433959545,130.668327388692,128.27477970021195,130.42408752441406,68847100
2021-04-22,129.97468618567086,131.05911183417535,128.38225232698375,128.90003967285156,84566500
2021-04-23,129.11496841390496,132.0067601257526,129.11496841390496,131.22520446777344,78657500
2021-04-26,131.72346346577018,131.94815999771666,130.48272061096776,131.61599731445312,66905100
2021-04-27,131.89928918661894,132.29008190860543,131.020031649781,131.2935791015625,66015800
2021-04-28,131.215434597292,131.9090824360274,130.0137785264441,130.50225830078125,107760100
2021-04-29,133.32565508852434,133.91183671153877,129.39827399165063,130.404541015625,151101000
2021-04-30,128.74375645756413,130.48274364423392,128.05012337343717,128.43113708496094,109839500
2021-05-03,128.99772630286216,130.98096780991455,128.79257315513814,129.4862060546875,75135100
2021-05-04,128.1673383389983,128.4604292142313,123.78078416202628,124.90428924560547,137564700
2021-05-05,126.22317565406054,127.44437513776317,125.02151953611882,125.14852905273438,84000900
2021-05-06,124.943351362238,126.76049665039369,124.20086004629246,126.750732421875,78128300
2021-05-07,128.05233347728546,128.45355601679577,126.71161496487585,127.42601776123047,78973300
2021-05-10,126.6430870741667,126.77029738873343,124.09867172726177,124.1378173828125,88071200
2021-05-11,120.85943560539131,123.5702067058758,120.1450405146299,123.21791076660156,126142800
2021-05-12,120.76156945349975,121.9750547557377,119.6361562653165,120.14503479003906,112172300
2021-05-13,121.91634337974183,123.45277474181431,121.60318563289488,122.29800415039062,105861300
2021-05-14,123.55064345219544,125.15557794607483,123.15919437572654,124.72498321533203,81918000
2021-05-17,124.10846439728725,124.21611308729157,122.493741513493,123.57022094726562,74244600
2021-05-18,123.85400225833865,124.27480867265349,122.11206185786726,122.1805648803711,63342900
2021-05-19,120.52671624181265,122.24908025776814,120.23312756354261,122.02400207519531,92612000
2021-05-20,122.55245283263278,124.98921189653866,122.42522759234049,124.58797454833984,76857100
2021-05-21,125.08708306892244,125.2632347914988,122.53288682470038,122.74818420410156,79295400
2021-05-24,123.3157856512933,125.20452067157117,123.24728261807165,124.38247680664062,63092900
2021-05-25,125.08707232073915,125.5763892558692,123.61914391415893,124.1867446899414,72009500
2021-05-26,124.24546606900942,124.66627253334183,123.71701091848011,124.1378173828125,56575900
2021-05-27,123.73657324672145,124.91091291308472,122.40565097616602,122.60137176513672,94625600
2021-05-28,122.88518253436054,123.11026818036667,121.88699448010973,121.94570922851562,71311100
2021-06-01,122.40564739412464,122.66987119812988,121.29002250384599,121.62274932861328,67637100
2021-06-02,121.6227639113054,122.56223722280126,121.39768573021556,122.3860855102539,59278900
2021-06-03,122.01419973191163,122.18056314616399,120.49733751279598,120.89857482910156,76229200
2021-06-04,121.41725514528493,123.4625726722834,121.20195777757243,123.1983413696289,75169300
2021-06-07,123.47234607394033,123.61914040368376,122.16100031844385,123.20812225341797,71057600
2021-06-08,123.89316056697146,125.71339992147556,123.51149976456149,124.03016662597656,74403800
2021-06-09,124.49012603117782,125.01858120384323,123.81487651061582,124.41183471679688,56877900
2021-06-10,124.30417460780706,125.44916444320808,123.24727182583149,123.41363525390625,71186400
2021-06-11,123.82464615632547,124.71519292427574,123.40383973769605,124.62711334228516,53522400
2021-06-14,125.0870781916131,127.74891555547661,124.3531139538749,127.69020080566406,96906500
2021-06-15,127.16172215502282,127.8076141107375,126.62347885859393,126.86813354492188,62746300
2021-06-16,127.58253825336777,128.09142425066744,125.7133875464811,127.36724090576172,91815000
2021-06-17,127.02475612675201,129.71595852379107,126.87795430920667,128.97219848632812,96721700
2021-06-18,127.91530142774639,128.6981847145641,127.45534928384315,127.67064666748047,108953300
2021-06-21,127.51406019462506,129.57894690634825,126.44736905581905,129.47129821777344,79663300
2021-06-22,129.30493548234813,131.21323957880873,128.80583022689916,131.11537170410156,74783600
2021-06-23,130.90986486619562,131.4481082905956,130.38140225586088,130.8413543701172,60214200
2021-06-24,131.57531327793558,131.76125326543314,130.08780831049526,130.55755615234375,68711000
2021-06-25,130.60651497629408,131.0273140323703,129.9704035855989,130.2639923095703,70783700
2021-06-28,130.55758148480862,132.35823709699443,130.49886672631996,131.89828491210938,62111300
2021-06-29,131.91784473362776,133.57171323969362,131.4774691683095,133.41513061523438,64556100
2021-06-30,133.2585598021392,134.47205285044467,132.96497108839114,134.03167724609375,63261400
2021-07-01,133.67936427909643,134.3937519835152,132.85731295249462,134.3350372314453,52485800
2021-07-02,134.95151640074516,137.00662169924857,134.80472956479636,136.9674835205078,78852600
2021-07-06,137.07517066561473,140.08930404867277,137.07517066561473,138.9834747314453,108181800
2021-07-07,140.4709819568287,141.79212374224406,139.60980728509813,141.47897338867188,104911600
2021-07-08,138.55288746806352,140.9798585410617,137.66234054504386,140.17739868164062,105575500
2021-07-09,139.69784411639665,142.53583287499265,139.59997625608412,142.00738525390625,99890800
2021-07-12,143.08390667456425,143.1915553739894,140.92115187067475,141.41046142578125,76299700
2021-07-13,140.95050000905363,144.30717110195238,140.55905836364727,142.5260772705078,100827100
2021-07-14,144.93349097009192,146.3720622048418,144.5224578179845,145.96102905273438,127050800
2021-07-15,146.04907294426016,146.79281784563116,143.94503359561688,145.30531311035156,106820300
2021-07-16,145.28577338362382,146.55796605066817,142.76093474422927,143.26002502441406,93251400
2021-07-19,140.67648937620848,140.98965464191818,138.64095994672076,139.40428161621094,121434600
2021-07-20,140.39271911643775,143.95489246077733,139.9034095090694,143.0251922607422,96350000
2021-07-21,142.41840870833036,143.0055860270602,141.53765766277516,142.2911834716797,74993500
2021-07-22,142.8196723856779,145.03134615339167,142.69244712556272,143.66128540039062,77338200
2021-07-23,144.39523665880247,145.54021909866026,143.77870190944023,145.38363647460938,71447400
2021-07-26,145.09986688786083,146.62651038671302,144.54204679960304,145.80447387695312,72434100
2021-07-27,145.93164237751336,146.0197294253044,142.43798074633216,143.63189697265625,104818600
2021-07-28,141.7138245389889,143.8276453050716,139.49235507835914,141.88018798828125,118931200
2021-07-29,141.59639216326153,143.41662418623008,141.48874347089355,142.5260772705078,56699500
2021-07-30,141.29302673523125,143.2013309437346,141.02879540404095,142.7413787841797,70440600
2021-08-02,143.23063599184002,143.80801745095812,142.14436861886256,142.40859985351562,62880000
2021-08-03,142.6924573832884,144.87477392978525,142.07592253384598,144.20932006835938,64786600
2021-08-04,144.12122494137196,144.63009607216787,143.15238675142038,143.8080596923828,56368300
2021-08-05,143.8374191358459,144.67903208892778,143.04474012018966,143.91571044921875,46397700
2021-08-06,143.43546923928326,144.1803285775889,142.729806727241,143.22964477539062,54126800
2021-08-09,143.28844350778914,143.7784860744744,142.62199279545507,143.18063354492188,48908700
2021-08-10,143.52366155504902,144.7683737944324,142.4063651616791,142.7003936767578,69023100
2021-08-11,143.14144929737975,143.79810459984787,142.63180079586957,142.95523071289062,48493500
2021-08-12,143.27865400221475,146.08169819848888,142.93561820929602,145.9248809814453,72282600
2021-08-13,146.00327568224543,146.46391686661144,145.31721911667208,146.1306915283203,59375000
2021-08-16,145.58183697281834,148.17907151070028,143.55306855336707,148.11045837402344,103296000
2021-08-17,147.2382019565344,148.65932256875118,146.12090537704304,147.19900512695312,92229700
2021-08-18,146.81679335121513,147.7184701089043,143.2394727306363,143.44529724121094,86326000
2021-08-19,142.1417628423952,145.05261723602476,141.6223188554431,143.77850341796875,86960300
2021-08-20,144.50375147276918,145.54263929990177,143.85689170892408,145.2388153076172,60549600
2021-08-23,145.3564482689187,147.19901341619334,144.9448142380219,146.72857666015625,60131800
2021-08-24,146.4737528853132,147.85567682100066,146.1797242886901,146.64036560058594,48606400
2021-08-25,146.8265464293222,147.32639940143548,144.85658076220975,145.40542602539062,58991300
2021-08-26,145.3956270795529,146.1502818209155,144.5723442495669,144.60174560546875,48597200
2021-08-27,144.54293486475237,145.78764703013252,143.90588558238326,145.64064025878906,55802400
2021-08-30,146.0327017624141,150.43328990399013,145.6504691143869,150.07064819335938,90956700
2021-08-31,149.61983863185333,149.75704998771127,148.27711148354751,148.80636596679688,86453100
2021-09-01,149.78642803218395,151.89360530226858,149.30618088399424,149.47279357910156,80313700
2021-09-02,150.80572311579687,151.63880161817733,149.36499650174582,150.59010314941406,71115500
2021-09-03,150.6979183865653,151.55060281241285,150.0412629951112,151.2271728515625,57808700
2021-09-07,151.88380185111185,154.12819033773275,151.31535065096162,153.56954956054688,82278300
2021-09-08,153.85376583529663,153.91256855272437,150.91351032460727,152.02101135253906,74420200
2021-09-09,152.39344334318108,153.00109134257815,150.88410385737802,151.00172424316406,57305700
2021-09-10,151.91324031040784,152.38367712528273,145.73869916487243,146.00332641601562,140893200
2021-09-13,147.63022528348688,148.4044859422113,145.78766048638957,146.5717315673828,102404300
2021-09-14,147.35581250665328,148.06147503126564,143.98431710126377,145.1702117919922,109296300
2021-09-15,145.6014620086623,146.4639418122294,143.45507292336683,146.06210327148438,83281300
2021-09-16,145.48388336991943,146.0033274505261,144.28817795099778,145.826904296875,68034100
2021-09-17,145.85628990076225,145.85628990076225,142.85721655963627,143.1512451171875,129868800
2021-09-20,140.93625767675672,141.9555397257547,138.4566432656741,140.0933837890625,123478900
2021-09-21,141.0636509821954,141.72032120475433,139.93655902151735,140.5736083984375,75834000
2021-09-22,141.5733062965506,143.5138708346114,140.83824238540038,142.9454345703125,76404300
2021-09-23,143.7294607107383,144.15090504152192,142.73958023456993,143.9058837890625,64838200
2021-09-24,142.75919305999093,144.53314462122253,142.66117857227965,143.9940948486328,53477900
2021-09-27,142.57299008435822,143.0532371987593,140.9558555448059,142.4749755859375,74150700
2021-09-28,140.39720338693283,141.86733117108918,138.8682728841963,139.08389282226562,108972300
2021-09-29,139.63274915010976,141.57331379089658,139.20150923995394,139.98558044433594,74602000
2021-09-30,140.79904018482358,141.50470270899655,138.46643267686778,138.6820526123047,89056700
2021-10-01,139.07409436984747,140.0737855364966,136.3396630361158,139.8091583251953,94639600
2021-10-04,138.93685186934948,139.37790210757225,135.5163646020799,136.36903381347656,98322000
2021-10-05,136.71208674487298,139.40732098204438,136.5846708862709,138.29981994628906,80861100
2021-10-06,136.69250441148458,139.31912596056787,135.61440454885152,139.172119140625,83221100
2021-10-07,140.2110011934392,141.34790373522623,139.87777577926832,140.43641662597656,61732700
2021-10-08,141.16165438015548,141.3086611617573,139.7209281008109,140.0541534423828,58773200
2021-10-11,139.43673344275217,141.92614341076353,138.98588764520417,139.96597290039062,64452200
2021-10-12,140.37758102047312,140.3971869093365,138.2311923147278,138.69183349609375,73035900
2021-10-13,138.4272507387237,138.58405301825053,136.42786838688212,138.10382080078125,78762700
2021-10-14,139.2798991998456,141.01465407700306,138.69184213659864,140.89703369140625,69907100
2021-10-15,140.90685250780268,142.014338607517,140.65202078625612,141.95553588867188,67940300
2021-10-18,140.59321496938745,143.91570310514462,140.3089968495944,143.63148498535156,85589200
2021-10-19,144.08230590025846,146.1992933162076,143.63147512671546,145.79745483398438,76378900
2021-10-20,145.73863040172296,146.76772259958005,145.1701793309551,146.2874755859375,58418800
2021-10-21,145.8464575874455,146.6599299941147,144.92517522435247,146.50311279296875,61421000
2021-10-22,146.7089517488773,147.18918391188018,145.6798593275794,145.72886657714844,58883400
2021-10-25,145.71905217231605,146.3953133151153,144.68016431145858,145.6798553466797,50720600
2021-10-26,146.35612420354883,147.83604746665293,146.042489762277,146.34632873535156,60893400
2021-10-27,146.38550388603736,146.7481305695104,145.53283467682837,145.8856658935547,56094900
2021-10-28,146.83638172945626,150.1196583975848,146.7383672208912,149.5316162109375,100077900
2021-10-29,144.2881507382271,146.953983796825,143.49428408381266,146.8167724609375,124953200
2021-11-01,146.02290111582553,146.71875324157574,144.8565973207899,145.99349975585938,74588300
2021-11-02,145.69944762084313,148.5514987152831,145.6896371991665,147.03236389160156,69122000
2021-11-03,147.39498400351133,148.94352011335226,146.83634332456256,148.47308349609375,54511500
2021-11-04,148.5613223792471,149.39438585976856,147.64003986144715,147.95367431640625,60394600
2021-11-05,149.0823828675765,149.38665026440313,147.28620777558916,148.48365783691406,65463900
2021-11-08,148.61128154130913,148.76832763273148,147.38438703345884,147.65921020507812,55020900
2021-11-09,147.42364425293005,148.63090428124968,147.28623266415173,148.02236938476562,56787900
2021-11-10,147.2469643655917,147.35493167322633,145.11707745747125,145.18577575683594,65187100
2021-11-11,146.2065822230877,146.6678808138986,144.95022837459734,145.13671875,41000000
2021-11-12,145.68633729009179,147.61992400748895,144.75390056803062,147.21751403808594,63804000
2021-11-15,147.59048138298093,149.0725793775171,146.66785441394896,147.22732543945312,59222800
2021-11-16,147.16842781455065,148.6897797454611,146.57951255847655,148.20883178710938,59256200
2021-11-17,148.20882281861407,152.134884350233,148.19901305641005,150.65280151367188,88807000
2021-11-18,150.86877998103495,155.7370893093728,150.22097604546676,154.95187377929688,137827700
2021-11-19,154.7359171470172,158.04363466373403,153.63662454715842,157.5823211669922,117305600
2021-11-22,158.6914443472637,162.6371414846842,158.0240208888666,158.0436553955078,117467900
2021-11-23,158.14180469691394,158.8092431604203,156.11988475240108,158.42645263671875,96041900
2021-11-24,157.77864919107878,159.14295541860696,156.68916616213605,158.9466552734375,69463600
2021-11-26,156.6204768444649,157.48420052815624,153.46980466846938,153.91148376464844,76959800
2021-11-29,156.4241625317144,158.2105284112086,155.8548815913286,157.27809143066406,88748200
2021-11-30,157.0326917313919,162.460471991212,156.96397844815215,162.24453735351562,174048100
2021-12-01,164.38423368988907,167.15211495820313,161.4887655737255,161.72433471679688,152052500
2021-12-02,155.80577421667738,161.16484040312477,154.8831472601401,160.73297119140625,136739200
2021-12-03,160.98816107993892,161.9107879578243,156.7676418389402,158.84844970703125,118023100
2021-12-06,161.2531853471854,164.77683760268036,161.24337558317583,162.26416015625,107497000
2021-12-07,165.95466478279718,168.40845386171824,165.22833782381016,168.01583862304688,120405400
2021-12-08,168.94826702497062,172.70747316976616,167.54469207856837,171.84373474121094,116998900
2021-12-09,171.67691050076814,173.48289575037123,170.70520458980423,171.3333740234375,108923700
2021-12-10,171.97131888220898,176.3096151292481,171.4609266835172,176.1329345703125,115402700
2021-12-13,177.77209005921313,178.76343034110303,172.28542177740803,172.49154663085938,153237000
2021-12-14,172.01061281459928,174.45459210584534,169.02681191245964,171.1076202392578,139380400
2021-12-15,171.87318067022332,176.18203313786822,169.12493426102594,175.98573303222656,131063300
2021-12-16,175.96612607483445,177.7917457988914,167.59379870515536,169.0758819580078,150185800
2021-12-17,166.78892215220165,170.26349541805016,166.55336801671226,167.9765625,195432700
2021-12-20,165.1694450305174,167.42693392036205,164.3646100212536,166.61227416992188,107499100
2021-12-21,168.38879868844631,169.9984835275847,165.9938984450784,169.79237365722656,91185900
2021-12-22,169.84145550872807,172.60933673314887,168.9679072100419,172.39340209960938,92135300
2021-12-23,172.59953139110942,173.58104703171455,172.03025052234963,173.02157592773438,68356600
2021-12-27,173.8165732862966,177.08502164182448,173.79695375988817,176.99668884277344,74919600
2021-12-28,176.8298503690715,177.97822179969552,175.2299751821839,175.97592163085938,79144300
2021-12-29,176.01516073597656,177.29113376768368,174.84715499872323,176.06423950195312,62348900
2021-12-30,176.15258046099905,177.23225345558959,174.79808433628313,174.9060516357422,59773000
2021-12-31,174.79812762549122,175.91705492574604,173.983467796318,174.28775024414062,64062300
2022-01-03,174.54290230186947,179.49955854778523,174.42512523500616,178.6456298828125,104487900
2022-01-04,179.25419002967348,179.55845745447346,175.8090608575143,176.3783416748047,99310400
2022-01-05,176.29001709220518,176.83966343060843,171.41188337376713,171.68670654296875,94537600
2022-01-06,169.50772129643173,172.0596675486128,168.46731727841166,168.82066345214844,96904000
2022-01-07,169.69421065393524,170.92110500332652,167.86859126297153,168.98751831054688,86709100
2022-01-10,165.95465755063788,169.31143906710747,165.06147477041716,169.00717163085938,106765600
2022-01-11,169.13475736538487,171.94187730471353,167.66248412220457,171.84373474121094,76138300
2022-01-12,172.86452151388104,173.90492564658769,171.58856322387598,172.28543090820312,74805200
2022-01-13,172.53080900021536,173.35527850038557,168.61455640929785,169.00717163085938,84505800
2022-01-14,168.1728627813742,170.56776300627916,167.9274839054903,169.8708953857422,80440800
2022-01-18,168.33974508224512,169.3507050116675,166.2785711868531,166.66136169433594,90956700
2022-01-19,166.85766697028808,167.91770571060235,162.87271567304091,163.1573486328125,94815000
2022-01-20,163.8934453067467,166.5435340208892,161.14519905711342,161.46910095214844,91420500
2022-01-21,161.38080003283116,163.25549850314817,159.29999166470387,159.407958984375,122848900
2022-01-24,157.06212195335075,159.29997620135896,151.84045205683918,158.63253784179688,162294600
2022-01-25,156.04133790955973,159.7514654895658,154.1175758189767,156.82655334472656,115798400
2022-01-26,160.47777643261003,161.35132458598716,154.9027758530205,156.7382049560547,108275300
2022-01-27,159.44720772831658,160.81151382611307,155.35428943492713,156.27691650390625,121954600
2022-01-28,162.64696676990783,167.2011988377615,159.79075260205332,167.1815643310547,179935700
2022-01-31,167.0146740043963,171.76520522888097,166.37667997036093,171.5492706298828,115541600
2022-02-01,170.79353091508946,171.6081906924981,169.12495732448602,171.3824462890625,86213900
2022-02-02,171.51985796847407,172.62897543344508,170.1261075578704,172.58970642089844,84914300
2022-02-03,171.25483696595504,172.98231399971922,168.93845956073986,169.70404052734375,89418100
2022-02-04,168.72128157532018,171.09958880025067,167.7385154477962,169.41905212402344,82465400
2022-02-07,169.88093057527257,170.95214191132882,168.00384392494493,168.7016143798828,77251200
2022-02-08,168.7704203940124,172.32804392038554,168.4755875609354,171.81700134277344,74829200
2022-02-09,173.01597239364082,173.60562304759242,171.88578239754793,173.24200439453125,71285000
2022-02-10,171.13887812913805,172.45578102776864,168.59351767675065,169.1536865234375,90865900
2022-02-11,169.3600823732159,170.09715694195197,165.14400744238606,165.73367309570312,98670700
2022-02-14,164.48557217382995,166.6574920486195,163.68953396046075,165.9695587158203,86185500
2022-02-15,168.02350743268553,169.969379951066,167.3159146994891,169.8121337890625,62527400
2022-02-16,168.88834547600229,170.3526572392932,167.11936365193407,169.57627868652344,61177400
2022-02-17,168.08250002280826,168.94733906736835,165.5666209795301,165.9695587158203,69589300
2022-02-18,166.89335344125396,167.60093126737578,163.32590754694263,164.41677856445312,82772700
2022-02-22,162.13672755479107,163.81726398261975,159.35549802549073,161.4881134033203,91162800
2022-02-23,162.6870716360414,163.28655947595425,156.99686328327715,157.3113555908203,90009200
2022-02-24,149.95045639119465,160.04346864256559,149.38045024208816,159.93536376953125,141147500
2022-02-25,161.0163841306603,162.27432346013268,158.09756779697935,162.0089874267578,91974200
2022-02-28,160.2498118134479,162.56914003220714,159.63066447244552,162.27430725097656,95056600
2022-03-01,161.86158516779412,163.72884988791748,159.1786377230553,160.38743591308594,83474400
2022-03-02,161.5569135885326,164.47573001503346,160.14172804891763,163.68951416015625,79724800
2022-03-03,165.56663623866746,165.99905580080062,162.69696050321116,163.365234375,76678400
2022-03-04,161.65519910712737,162.69692876038988,159.30638875818744,160.35794067382812,83737200
2022-03-07,160.54468531235605,162.17608078588069,156.2991281758325,156.55465698242188,96418800
2022-03-08,156.08292186895505,160.0729499038518,153.1149639973743,154.72669982910156,131148300
2022-03-09,158.69708659288594,160.59383321427086,156.6627682949814,160.14175415039062,91454900
2022-03-10,157.43914120341518,157.62586917951631,153.29186666707722,155.78810119628906,105342000
2022-03-11,156.19101504721644,156.5349891936971,151.83736825574178,152.0634002685547,96970100
2022-03-14,148.83991330847238,151.4638968278343,147.51318815597864,148.0242156982422,108732100
2022-03-15,148.29938335493543,152.88891376980982,147.78835583208624,152.41717529296875,92964300
2022-03-16,154.34344099306256,157.24259840193366,151.79808003042874,156.83966064453125,102300200
2022-03-17,155.8765285127207,158.22533884354678,154.9134219533723,157.8518829345703,75615400
2022-03-18,157.74377696769278,161.6453594768953,157.00670241299437,161.1539764404297,123511700
2022-03-21,160.692093743218,163.4831611094786,160.20071065000747,162.52987670898438,95811400
2022-03-22,162.6576150439786,166.50023417031582,162.06796436975657,165.91058349609375,81532000
2022-03-23,165.09488461775757,169.66474104201137,164.76073274272346,167.27662658691406,98062700
2022-03-24,168.11196337652208,171.1388847047802,167.27662120536306,171.07009887695312,90131400
2022-03-25,170.8833729038462,172.25923943454524,169.77284242104022,171.70889282226562,80546200
2022-03-28,169.202835000459,172.701479862601,169.03576656556126,172.57373046875,90371900
2022-03-29,173.64494077798946,175.92495028186923,173.30096665224875,175.87582397460938,100589400
2022-03-30,175.4728703587719,176.51459990792134,173.6547472805492,174.70631408691406,92633200
2022-03-31,174.77513005413485,174.96185802360853,171.3944120690703,171.60079956054688,103049300
2022-04-01,171.0307806751932,171.86613784627107,168.97680315531144,171.3059539794922,78751300
2022-04-04,171.56146186321112,175.41390264999723,171.43369748898363,175.36476135253906,76468400
2022-04-05,174.44099692209318,175.22721286513178,171.4140752886788,172.0430450439453,73401800
2022-04-06,169.3895629453013,170.6376800716011,167.19799877542366,168.8686981201172,89058800
2022-04-07,168.21024852764788,170.37233093887772,166.9228273416991,169.17335510253906,77594700
2022-04-08,168.81958401496289,168.81958401496289,166.28404530864296,167.15870666503906,76575500
2022-04-11,165.80247259982983,166.11694994882637,162.6477868725991,162.8934783935547,72246700
2022-04-12,165.12438053702303,166.9424890030797,163.76815838717138,164.7705841064453,79265200
2022-04-13,164.50522763279633,168.0923181339545,163.89591740962862,167.46334838867188,70618900
2022-04-14,167.67953574643167,168.318342665353,162.1956994829688,162.44139099121094,75329400
2022-04-18,161.09499932270256,163.7288199744053,160.75104022360551,162.22518920898438,69023900
2022-04-19,162.17605691767423,164.92780484237912,161.0851860080734,164.51502990722656,67723800
2022-04-20,165.85162307101254,165.9695652154126,163.2374763040021,164.34799194335938,67929800
2022-04-21,165.99903403048015,168.57387654535995,163.05073557985884,163.55194091796875,87227800
2022-04-22,163.59123952892807,164.97692823082195,158.71671343457257,159.001708984375,84882400
2022-04-25,158.3432742820327,160.35794785043367,155.72912776950562,160.0729522705078,96046400
2022-04-26,159.45382075496946,159.54226611663734,154.0191247048665,154.09774780273438,95623200
2022-04-27,153.2230748402012,157.03619732481974,152.7022099776654,153.8717041015625,88063200
2022-04-28,156.50549701980856,161.68467841985887,156.19100467866673,160.81983947753906,130216800
2022-04-29,159.05086744995398,163.33572839193604,154.53997449609216,154.93307495117188,131747600
2022-05-02,154.009274370481,155.5030679702358,150.6285567574635,155.23773193359375,123055300
2022-05-03,155.42445612408045,157.94034999172632,153.62600731797474,156.73153686523438,88966500
2022-05-04,156.91825813151257,163.61089273431188,156.5153204398764,163.15882873535156,108256500
2022-05-05,161.02623866112972,161.25227067537543,152.27961098375334,154.06825256347656,130525300
2022-05-06,153.54660360417492,156.92245186539364,151.74549742097102,154.7965545654297,116124600
2022-05-09,152.48364388073944,153.36944186699063,149.0979741892278,149.65896606445312,131577900
2022-05-10,153.064374412803,154.26511205747684,150.5152585828346,152.0703125,115366700
2022-05-11,151.07623770131187,152.9954442320576,143.5076602631258,144.186767578125,142689800
2022-05-12,140.51566592761506,143.89149901958908,136.60835102555794,140.30897521972656,182602000
2022-05-13,142.3069263815123,145.7615132406745,140.85029972421802,144.78713989257812,113990900
2022-05-16,143.25176455295096,145.19065940090803,141.90338667799685,143.24191284179688,86643800
2022-05-17,146.5094945567554,147.40512922042456,144.36390904477065,146.8834991455078,78336300
2022-05-18,144.5312514480339,145.0331931657119,137.69097960525806,138.59646606445312,109742900
2022-05-19,137.67132497142188,139.42321789277696,134.4431167780582,135.1812744140625,136095600
2022-05-20,136.89374952227598,138.47832804040868,130.5160736621358,135.4174346923828,137426100
2022-05-23,135.6142768341469,140.99790624101624,135.47648804751876,140.85028076171875,117726300
2022-05-24,138.58662935862338,139.728316741357,135.16158222827767,138.14373779296875,104132700
2022-05-25,136.2441979580696,139.55114451962976,136.15562265268915,138.30120849609375,92482700
2022-05-26,135.2206036464889,142.06085975579472,134.97455116041425,141.50970458984375,90601500
2022-05-27,143.09429845299417,147.31655295622195,142.96634634088457,147.27719116210938,90978500
2022-05-31,146.71618623300301,148.28107646818216,144.52138720505258,146.48980712890625,103718400
2022-06-01,147.53305935939102,149.3440170056093,145.34811215987284,146.3618621826172,74286600
2022-06-02,145.4957832158868,148.88146841697989,144.54109820216505,148.82241821289062,72348100
2022-06-03,144.58044581379545,145.63355774291225,142.17898598193645,143.08445739746094,88570300
2022-06-06,144.70840485443364,146.2240967666152,142.61203260738884,143.83245849609375,71598400
2022-06-07,142.07070637844697,146.64727644838695,141.82465390118458,146.3618621826172,67808200
2022-06-08,146.23390833350376,147.50353249308398,145.13159805431155,145.6237030029297,53950200
2022-06-09,144.75763674117547,145.6138948019082,140.279477367108,140.3877410888672,69473000
2022-06-10,138.06497716276021,138.53739375627023,134.89581977133565,134.9647216796875,91437900
2022-06-13,130.77199636565416,133.0652077917095,129.36458307542827,129.79763793945312,122207100
2022-06-14,131.02787945261767,131.77587363104502,129.40392397478837,130.66371154785156,84784300
2022-06-15,132.16953578167917,135.17137886483886,130.0731789874158,133.29153442382812,91533000
2022-06-16,129.99447151756362,130.29957424502024,127.00246441029934,128.00636291503906,108123900
2022-06-17,128.01620271778103,130.97866943008026,127.76029850473763,129.482666015625,134520300
2022-06-21,131.31329785187046,134.8958216908251,131.21488586149243,133.724609375,81000500
2022-06-22,132.6616745701608,135.5847798082292,131.7955798825567,133.2128448486328,73409200
2022-06-23,134.65962935518908,136.40167037101077,133.48841696582116,136.08673095703125,72433800
2022-06-24,137.6909982443359,139.66927031856164,137.5630611330131,139.4232177734375,89116800
2022-06-27,140.44678975329754,141.224324205889,138.74411034603793,139.4232177734375,70207900
2022-06-28,139.88579990473832,141.15542444919123,135.1517512668135,135.2698516845703,67083400
2022-06-29,135.2894841452783,138.44878915660607,134.51195000230882,137.03152465820312,66242400
2022-06-30,135.0828178246583,136.18512818079344,131.65777134820112,134.56118774414062,98964500
2022-07-01,133.89194605156405,136.84457658654097,133.51795639594204,136.73631286621094,71051600
2022-07-05,135.59460384717786,139.3739663068114,134.76785610712872,139.3247528076172,73353800
2022-07-06,139.11812776250142,141.84437939932496,138.85238678442792,140.663330078125,74064300
2022-07-07,141.02745853360616,144.23599306904134,141.0176218390398,144.03915405273438,66253700
2022-07-08,142.966323535681,145.22017259883353,142.71043437013336,144.7182159423828,64547800
2022-07-11,143.36985996820178,144.32454481016836,141.50970378477396,142.58248901367188,63141600
2022-07-12,143.45845774918337,146.10598530220875,142.75967699315206,143.556884765625,77588800
2022-07-13,140.732208499025,144.13756705664937,139.87593549444708,143.19273376464844,71185600
2022-07-14,141.80498974783282,146.5980880188513,140.9880935814835,146.12567138671875,78140700
2022-07-15,147.4149715696043,148.47792016432717,145.85991797831633,147.79881286621094,76259900
2022-07-18,148.3598524014626,149.17674867757293,144.3836347446811,144.747802734375,81420900
2022-07-19,145.58432390085355,148.84205620646762,144.5902773267497,148.61569213867188,82982400
2022-07-20,148.73380801228873,151.29275997844778,147.99565052411046,150.6234893798828,64823400
2022-07-21,152.06044916137068,153.11356109876007,149.54087389527504,152.89703369140625,65086600
2022-07-22,152.93639744167695,153.8123437761435,150.98766576840873,151.65692138671875,66675400
2022-07-25,151.5781876406526,152.59192281243702,149.8755084226827,150.53492736816406,53623900
2022-07-26,149.85582028627226,150.67271644888328,148.4188819899041,149.2062530517578,55138700
2022-07-27,150.17075457850913,154.84575179759253,149.75738820549032,154.31427001953125,78620700
2022-07-28,154.50128008945563,155.1508622874104,151.97186822338708,154.86544799804688,81378700
2022-07-29,158.6940186370959,161.0462798301135,156.981487908036,159.94395446777344,101786900
2022-08-01,158.46767275111222,161.00693677079695,158.34957233740533,158.95977783203125,67829400
2022-08-02,157.57206506641117,159.8455883126916,157.10948505325337,157.4834747314453,59907000
2022-08-03,158.30032632281717,163.95953359141228,158.2117510307237,163.50680541992188,82507500
2022-08-04,163.3887030177202,164.55007867195602,161.83364935538773,163.19186401367188,55474100
2022-08-05,160.85604505164724,163.45796799318663,160.64906724368603,162.96517944335938,56697000
2022-08-08,163.97046163622954,165.38969510382904,161.83176107750737,162.49209594726562,60276900
2022-08-09,161.65435324056202,163.4283949524473,160.89545469517256,162.54136657714844,63135500
2022-08-10,165.26157448955212,166.89763621928432,164.49282549147833,166.79908752441406,70170500
2022-08-11,167.6072389716485,168.52383349342222,165.76421460976547,166.0598907470703,57149200
2022-08-12,167.37074385189385,169.68684147739978,166.9567881529433,169.61785888671875,68039400
2022-08-15,169.04619612673898,170.88922057556053,168.8786498167292,170.69210815429688,54091700
2022-08-16,170.28802952506885,171.2046241525694,169.18418785976604,170.534423828125,56377100
2022-08-17,170.27815992548992,173.60940030005358,170.0810475130616,172.03248596191406,79542000
2022-08-18,171.24403503116682,172.37744277272193,170.6231165953559,171.6382598876953,62290100
2022-08-19,170.53441975425127,171.23418617524862,168.83922578662404,169.04620361328125,70346300
2022-08-22,167.2426018901802,167.41014821395845,164.72937695607638,165.15318298339844,69026800
2022-08-23,164.67023889482752,166.2767345287208,164.24643288251994,164.8180694580078,54147100
2022-08-24,164.90676099384123,165.68536025466128,163.85218632044496,165.1137237548828,53841500
2022-08-25,166.34572619773232,167.68611185239817,165.9219352009918,167.57769775390625,51218200
2022-08-26,168.1099211092857,168.58299398508154,161.20101486509154,161.26014709472656,78961000
2022-08-29,158.82576612384563,160.55052629290446,157.5149616294303,159.05245971679688,73314000
2022-08-30,159.79158551285687,160.21537635571576,155.44518783159296,156.61802673339844,77906200
2022-08-31,157.99786809208942,158.2639781293564,154.87359037905333,154.9524383544922,87991100
2022-09-01,154.3807937267726,156.13511973195193,152.43920566957192,155.6817626953125,74229900
2022-09-02,157.44593542420824,158.04713803269738,152.73487827783597,153.56275939941406,76957800
2022-09-06,154.2132611313819,154.8243141649417,151.47335779942037,152.30123901367188,73714800
2022-09-07,152.587059729615,154.410368411757,151.3945047755551,153.7106170654297,87449600
2022-09-08,152.4096354211257,154.10482916146404,150.47789777328236,152.23223876953125,84923800
2022-09-09,153.22770515232838,155.54381783971746,152.51808828805244,155.1002960205078,68028800
2022-09-12,157.2882184041863,161.8908608554652,157.0024077119645,161.0728302001953,104956000
2022-09-13,157.5937645718297,158.2245332834512,151.15794762648912,151.6211700439453,122656600
2022-09-14,152.55747250443096,154.83416823515125,151.39449874644285,153.06997680664062,87965400
2022-09-15,152.41950862141564,153.00101060134492,149.19668199140034,150.17239379882812,90481100
2022-09-16,149.02911266156946,149.16709284731172,146.2300624042499,148.52645874023438,162278800
2022-09-19,147.15653583891242,152.3308163679246,146.94957303943247,152.25196838378906,81474200
2022-09-20,151.1875044560908,155.80001259569255,150.8721276389919,154.63702392578125,107689800
2022-09-21,155.07071436973487,156.4505314848071,151.38466523487358,151.5029296875,101696800
2022-09-22,150.18223999013938,152.24209247430875,148.73344048207258,150.53704833984375,86652500
2022-09-23,149.00942429859677,149.28538472080464,146.4173513628068,148.2603759765625,96029900
2022-09-26,147.50146783564452,151.55219019297488,147.48175208341434,148.595458984375,93339400
2022-09-27,150.53707403917747,152.48851277634017,147.78730509985635,149.57119750976562,84442700
2022-09-28,145.5105969943164,148.46732818361193,142.75097820989805,147.67886352539062,146691400
2022-09-29,143.99283321708396,144.603886261403,138.65099162276434,140.42503356933594,128138200
2022-09-30,139.2423515609022,141.03610936010895,136.00965940990883,136.20677185058594,124925300
2022-10-03,136.2166245441246,141.00653009557303,135.70412021518845,140.3954620361328,114311700
2022-10-04,142.93822330057475,144.111062272716,142.17932484118148,143.9927978515625,87830100
2022-10-05,141.9921012373244,145.25435906019973,140.94737686981628,144.28848266601562,79471000
2022-10-06,143.70698257528738,145.41202660543266,143.12549574401123,143.33245849609375,68402200
2022-10-07,140.4841648717613,141.03610072606975,137.4387349893986,138.0695037841797,85925600
2022-10-10,138.3947296142578,139.84352910239818,136.57142106787293,138.3947296142578,74899000
2022-10-11,137.8822234673554,139.31132222277216,136.22646123968164,136.97549438476562,77033700
2022-10-12,137.12337155166935,138.33562739322105,136.16736038855555,136.34475708007812,70433700
2022-10-13,133.04307103462438,141.51902589270472,132.43200294708785,140.9276885986328,113224000
2022-10-14,142.228603975063,142.43558174683238,136.19687799226435,136.38414001464844,88598000
2022-10-17,139.03536366842837,140.83895646188824,138.24689900930798,140.3560333251953,85250900
2022-10-18,143.39162165141138,144.58416155365336,138.58200045824861,141.6767120361328,99136600
2022-10-19,139.6464402055219,142.8594165632396,139.4591781255194,141.78514099121094,61758300
2022-10-20,140.95724070036255,143.7858421579012,140.59256694794956,141.3218994140625,64522000
2022-10-21,140.80938705437833,145.71757154709675,140.59255890223196,145.14593505859375,86548600
2022-10-24,145.0671108242576,148.0632589024532,143.89427154723307,147.2945098876953,75981900
2022-10-25,147.92528866954444,150.2906831379681,147.20582147413825,150.14283752441406,74732300
2022-10-26,148.78271775892205,149.79786091510002,145.90481954516318,147.19593811035156,88194300
2022-10-27,145.934419951747,146.900281375259,142.0512434645865,142.71157836914062,109180200
2022-10-28,146.06252959255997,155.2284000306861,145.68802050452555,153.49378967285156,164762400
2022-10-31,150.95102127521648,152.01544655256544,149.72890002224932,151.12841796875,97943200
2022-11-01,152.8433183089133,153.20797707085114,146.9791368105924,148.47720336914062,80379300
2022-11-02,146.80167682155482,149.97523565506677,142.90865105906707,142.93821716308594,93604600
2022-11-03,140.01108109963562,140.74041357111363,136.74882328898968,136.876953125,97918500
2022-11-04,140.27294531486436,140.84553006556408,132.66154945569053,136.6103973388672,140814800
2022-11-07,135.3566724049037,137.37057876993973,133.935084352566,137.14352416992188,83374600
2022-11-08,138.61447700110722,139.6214226601732,135.73181901039476,137.7161102294922,89908500
2022-11-09,136.72887901579847,136.77824263467366,132.8688760001459,133.14529418945312,74917800
2022-11-10,139.43384265889435,144.99183654785156,137.7160881791185,144.99183654785156,118854000
2022-11-11,143.95525706239889,148.0916625737545,142.52378765132767,147.78562927246094,93979700
2022-11-14,147.06496772898868,148.35821299381362,145.54465286622803,146.3837890625,73374100
2022-11-15,150.2734222564666,151.6258979697989,146.66022247085542,148.1212921142578,89868300
2022-11-16,147.22296218487898,147.95348958195228,145.40648026408388,146.88729858398438,64218300
2022-11-17,144.5574692004244,149.5428936157141,144.28105100101916,148.79261779785156,80389400
2022-11-18,150.36226138845927,150.74727347635653,148.05218886107582,149.3553009033203,74829600
2022-11-21,148.23976345815655,148.44706955079,145.83096367172806,146.11724853515625,58724100
2022-11-22,146.23573346771818,148.49644255294848,145.05106689456673,148.25950622558594,51804100
2022-11-23,147.53882889151882,149.88839824806996,147.43023497007337,149.13812255859375,58301400
2022-11-25,146.41342757107319,146.97614571181424,145.23864273436385,146.2159881591797,35195900
2022-11-28,143.28398111610815,144.76479944722283,141.54649303051897,142.37574768066406,69246000
2022-11-29,142.4448277773216,142.95818228893546,138.55522474324414,139.36473083496094,83763800
2022-11-30,139.59177292691083,146.81817210889182,138.75265175216816,146.13699340820312,111380900
2022-12-01,146.31469421224674,147.22292742638413,144.735149018476,146.4134063720703,71250400
2022-12-02,144.09349682237342,146.10740304717433,143.78744839224407,145.91983032226562,65447400
2022-12-05,145.8803345082114,148.99004656094093,143.90591033158032,144.75491333007812,68826400
2022-12-06,145.1892636809204,145.41631820372012,140.10511327657744,141.08245849609375,64727200
2022-12-07,140.37169521657745,141.53659829976584,138.20969824104947,139.13768005371094,69721100
2022-12-08,140.53950554386986,141.6846751168045,139.2956238058851,140.82579040527344,62128300
2022-12-09,140.5197471971965,143.70845268349962,139.09815956030062,140.34205627441406,76097000
2022-12-12,140.8751851031327,142.6521701663809,139.25615761520962,142.64230346679688,70462700
2022-12-13,147.5882046530128,148.05219553159674,142.39547458111565,143.6097412109375,93886200
2022-12-14,143.49128007302596,144.78452547159364,139.35485909896488,141.37864685058594,82291200
2022-12-15,139.3055040822211,139.98668286120417,134.29046466082826,134.75445556640625,98931900
2022-12-16,134.9420010552602,135.88971607194347,132.01984711589319,132.7898712158203,160156900
2022-12-19,133.3822123650824,133.47105782876667,129.64068555678134,130.67724609375,79592600
2022-12-20,129.70978773625592,131.54600271059752,128.22896969448558,130.608154296875,77432800
2022-12-21,131.27945009767515,135.06047393891612,131.05239555108,133.71786499023438,85928000
2022-12-22,132.63193156053958,132.83923763447277,128.6337201487229,130.53903198242188,77852100
2022-12-23,129.2457854554959,130.72660336639342,127.98215537662273,130.17376708984375,63814900
2022-12-27,129.69991443642402,129.72952959065904,127.07392696075074,128.36717224121094,69007800
2022-12-28,128.01179226832107,129.35440133807893,124.2603907760934,124.42821502685547,85438400
2022-12-29,126.35327411707951,128.81143012835383,126.09660439491776,127.95256042480469,75703700
2022-12-30,126.76788140215325,128.2881810726547,125.80041044364155,128.2684326171875,77034200
2023-01-03,128.61397753423014,129.2260441509053,122.5821116407929,123.4706039428711,112117500
2023-01-04,125.26734659008874,127.01471627825023,123.48049504473303,124.74412536621094,89113600
2023-01-05,125.50425969688034,126.13607477860468,123.16457206143644,123.4212417602539,80962700
2023-01-06,124.39860396256954,128.62386318797923,123.29292365349042,127.96243286132812,87754700
2023-01-09,128.80155656407595,131.70396238313268,128.22897177101316,128.4856414794922,70790800
2023-01-10,128.5942366688145,129.58144872233615,126.48160347682453,129.0582275390625,63896200
2023-01-11,129.5715682785917,131.80266185993827,128.7916774670581,131.78292846679688,69458900
2023-01-12,132.16793979306604,132.54307008824253,129.75914024116136,131.70394897460938,71379600
2023-01-13,130.3415976184994,133.19463966232263,129.97633400317605,133.03668212890625,57809700
2023-01-17,133.10579321952497,135.53432625738486,132.41474784548592,134.20159912109375,63646600
2023-01-18,135.0703691429246,136.83747220518643,133.3032510170013,133.48095703125,69672800
2023-01-19,132.3653916580124,134.50763996952077,132.05935833689125,133.54017639160156,58280400
2023-01-20,133.55004278165805,136.25500917828725,132.5036004355903,136.10691833496094,80223600
2023-01-23,136.3537565657324,141.48727252057145,136.1365686570124,139.30552673339844,81760300
2023-01-24,138.5156943628908,141.32925420350077,138.5058276671579,140.70730590820312,66435100
2023-01-25,139.08833187727987,140.60863209871746,137.03492861064362,140.04592895507812,65799300
2023-01-26,141.33914314056878,142.40533393014599,140.08537965694651,142.11904907226562,54105100
2023-01-27,141.3292912944412,145.34723680622537,141.25031251687773,144.06385803222656,70555800
2023-01-30,143.10626796433064,143.68871946900538,141.02324989890042,141.17132568359375,64015300
2023-01-31,140.87519081006408,142.4942183635749,140.46056345578666,142.44485473632812,65874500
2023-02-01,142.1289302044529,144.7351696002277,139.51282411039048,143.57025146484375,77663600
2023-02-02,146.99586653400996,149.24670877710787,146.27520596359832,148.89132690429688,118339000
2023-02-03,146.13699831650217,155.36743699431324,145.93955891955838,152.52426147460938,154357300
2023-02-06,150.61895772492184,151.14217893420934,148.85183962560956,149.78968811035156,69858300
2023-02-07,148.71364771535568,153.2449481745533,148.71364771535568,152.67236328125,83322600
2023-02-08,151.91222225530666,152.60326780122008,149.23687049310803,149.97727966308594,64120100
2023-02-09,151.81346444457745,152.35643407265164,148.49643142830433,148.940673828125,56007100
2023-02-10,147.77401547814478,149.63279778324025,147.5367173791987,149.3065185546875,57450700
2023-02-13,149.24719136406156,152.5198501850578,149.21753098880535,152.11448669433594,62199000
2023-02-14,150.40398304690967,152.03537903023067,149.15820209418638,151.4718017578125,61707600
2023-02-15,151.38283098748437,153.74586979762776,151.15542974516777,153.57778930664062,65573800
2023-02-16,151.77831825822219,154.56651436571883,151.6201346111262,151.97607421875,68167900
2023-02-17,150.63140647639398,151.2740680510971,149.1483273778538,150.8291473388672,59144100
2023-02-21,148.50565230235682,149.59324968756485,146.73585119733022,146.8050537109375,58867200
2023-02-22,147.19065212608928,148.2584708875877,145.4999504020457,147.23020935058594,51011300
2023-02-23,148.39689471971093,148.64407457569817,145.57905341345287,147.7146759033203,48394200
2023-02-24,145.45050490064946,145.5296042594395,144.07618560082526,145.05502319335938,55469600
2023-02-27,146.0437354263551,147.48725716556407,145.7866587511589,146.25135803222656,44998500
2023-02-28,145.39117653628946,147.39827551462352,145.17365708267755,145.7471160888672,50547000
2023-03-01,145.17366452678502,145.56914623363537,143.37418806129784,143.67080688476562,55479000
2023-03-02,142.751344045528,145.05506257830933,142.2767477639267,144.2640838623047,52238100
2023-03-03,146.3700174255545,149.4053933099208,145.66803508048022,149.3262939453125,70732300
2023-03-06,152.05515407809082,154.53684949594242,151.72888994336137,152.09471130371094,87558000
2023-03-07,151.96616367909397,152.29244288057856,149.42516275115915,149.88986206054688,56182000
2023-03-08,151.08620232381537,151.73876071934626,150.11726157953802,151.14552307128906,47204800
2023-03-09,151.8277639907766,152.79670487641312,148.53532624571014,148.89126586914062,53833600
2023-03-10,148.5155613274809,149.23732233138423,145.94488461714658,146.82484436035156,68572400
2023-03-13,146.1426162263365,151.4124925875259,146.03385648579933,148.77261352539062,84457100
2023-03-14,149.57346291926225,151.66954312555754,148.40678132116508,150.86868286132812,73695900
2023-03-15,149.48447760738804,151.52123700910988,148.22879983662045,151.26417541503906,77167900
2023-03-16,150.4435569750594,154.69505367945354,149.9294186304983,154.09193420410156,76161100
2023-03-17,154.31934477284912,154.97190327803574,152.53964661627768,153.25152587890625,98944600
2023-03-20,153.3207323821306,156.03971087014546,152.4110972116962,155.6244354248047,73641400
2023-03-21,155.5453489444009,157.60187209543255,154.77413390443738,157.4832305908203,73938300
2023-03-22,157.50302524945468,160.31098511352207,156.0298277082381,156.0496063232422,75701800
2023-03-23,157.03831361968307,159.7276317574304,155.90127718884906,157.13717651367188,67622100
2023-03-24,157.06795670652497,158.53125712176995,156.06935559319226,158.44227600097656,59196500
2023-03-27,158.13578467553296,158.9564235953307,156.08912825748425,156.4945068359375,52390300
2023-03-28,156.18801000892674,156.7021483382564,154.2204529064242,155.87161254882812,45992200
2023-03-29,157.57220469744664,159.23326112130354,157.5524411719995,158.9564208984375,51305700
2023-03-30,159.70784921727477,160.6372479005565,159.45078759523014,160.5284881591797,49501700
2023-03-31,160.60758412796915,163.1387034155815,160.08356404514288,163.03982543945312,68749800
2023-04-03,162.41695595857647,164.41415847965385,162.36751696640553,164.29551696777344,56976200
2023-04-04,164.72065569074036,164.95793868784338,163.24745837486338,163.7615966796875,46278300
2023-04-05,162.88162976736427,163.18813034939654,159.97479248917713,161.9126739501953,51511700
2023-04-06,160.5976959928467,163.0991701273508,160.1725538630794,162.80255126953125,45390100
2023-04-10,159.59909001148102,160.20220947265625,158.27420958419825,160.20220947265625,47716900
2023-04-11,160.5186020856557,160.52848384854775,158.6993469072352,158.986083984375,47644200
2023-04-12,159.40133668736163,160.23185733032426,157.97757839276272,158.29397583007812,50133100
2023-04-13,159.8067227797579,163.92968090167284,159.59908506589906,163.6923828125,68445600
2023-04-14,162.73332768738865,164.44382316709542,161.9720245871667,163.34634399414062,49386500
2023-04-17,163.22768401184308,163.52430285260365,162.17964384959518,163.36610412597656,41516200
2023-04-18,164.22629596467013,165.52151594579726,163.78136017187086,164.5921173095703,49923000
2023-04-19,163.92968580784367,166.26306428456468,163.67260909854727,165.73904418945312,47720200
2023-04-20,164.21640012100644,165.9763194310247,163.69238005042013,164.77008056640625,52456400
2023-04-21,163.1881534195007,164.57235465877127,162.63447292379246,163.1584930419922,58337300
2023-04-24,163.1386866366401,163.73192425907348,162.04120759579996,163.4649658203125,41949600
2023-04-25,163.32657200300784,164.4339329839802,161.883034935673,161.92259216308594,48714100
2023-04-26,161.2205734284031,163.41553157370114,160.96351183078312,161.9126739501953,45498800
2023-04-27,163.32656095584278,166.65854052357386,163.32656095584278,166.51023864746094,64902300
2023-04-28,166.58935140303254,167.9340105056485,165.98623191391812,167.7659149169922,55209200
2023-05-01,167.37042504765017,168.52722497825897,166.7376452115908,167.6769256591797,52472900
2023-05-02,168.17128153704527,168.42835824019505,165.65004401355455,166.63876342773438,48425700
2023-05-03,167.58794352434566,168.9919233057137,165.27434367702065,165.56106567382812,65136000
2023-05-04,163.0299431104764,165.15568380990734,162.45648404157697,163.91978454589844,81235400
2023-05-05,169.05125040031595,172.3338062754006,168.8337309104411,171.61204528808594,113316400
2023-05-08,170.53431814830344,171.88887398730245,170.1684967974759,171.54281616210938,55962800
2023-05-09,171.09791142977792,171.58237432630546,169.6642711810136,169.8323516845703,45326900
2023-05-10,171.06824047843108,172.06684167430913,169.96086445482297,171.60214233398438,53724500
2023-05-11,171.88885599180736,172.62049861686478,170.22779972610607,171.78997802734375,49514700
2023-05-12,171.89889318697968,172.33453386665053,169.30487018579348,170.85931396484375,45497800
2023-05-15,171.44347960387887,171.49298697857782,169.77023004875,170.36428833007812,37266700
2023-05-16,170.28507955206572,171.42367363249335,170.0969605927275,170.36428833007812,42110300
2023-05-17,170.00783790944186,171.21573009717264,168.7306172756303,170.97811889648438,57951600
2023-05-18,171.28503138533677,173.50283145007626,170.86919670585942,173.31471252441406,65496700
2023-05-19,174.64144781679403,174.64144781679403,173.20582466782196,173.42364501953125,55772400
2023-05-22,172.25533943207657,172.97811385055638,171.73059450812943,172.47315979003906,43570900
2023-05-23,171.4137731194303,171.66129487805824,169.58210606257185,169.8593292236328,50747300
2023-05-24,169.39397044171028,170.71078788094945,168.82962874348078,170.13653564453125,45143500
2023-05-25,170.70090944955888,172.17612946392208,169.9880455752579,171.27516174316406,56058300
2023-05-26,171.60187949980389,174.0275895351184,171.39395459047836,173.69094848632812,54835000
2023-05-30,175.20579349606086,177.21566879798618,174.81966018947244,175.54241943359375,55964400
2023-05-31,175.57212869440465,177.57210865507508,175.00777185545402,175.492919921875,99625300
2023-06-01,175.9384263611158,178.33443467261304,175.17605527324477,178.3047332763672,68901800
2023-06-02,179.2354435119536,179.97800874169684,177.48298533965166,179.15623474121094,61945900
2023-06-05,180.8195882273271,183.1165821425977,176.275077551752,177.79981994628906,121946500
2023-06-06,178.18594757320713,178.33445457100666,175.6711182885981,177.43348693847656,64848400
2023-06-07,176.67113061333816,179.41367589423808,175.56223798316736,176.05728149414062,61944600
2023-06-08,176.1364534617516,179.04731136486936,175.70082791608735,178.77999877929688,50214900
2023-06-09,179.70079329510486,180.42355258623877,178.83942242611607,179.16615295410156,48870700
2023-06-12,179.473070311983,182.0670933538608,179.17604119777275,181.96807861328125,54274900
2023-06-13,180.98788948565831,182.32449774459167,180.63145759510397,181.49282836914062,54929100
2023-06-14,181.5522278943548,182.56212075064622,180.21561965950994,182.12648010253906,57462900
2023-06-15,182.13641040467775,184.67103069686027,181.95818688950908,184.16607666015625,65433200
2023-06-16,184.87893857146415,185.1363708565112,182.4433330473612,183.08688354492188,101235600
2023-06-20,182.5819517231594,184.25520121093788,182.5819517231594,183.17599487304688,49799100
2023-06-21,183.0670826761933,183.57203672168455,180.77998409317422,182.13641357421875,49515700
2023-06-22,181.91859254012144,185.19577812392734,181.84927919785179,185.14627075195312,51245300
2023-06-23,183.71063403229002,185.70070333532985,183.17597862652977,184.8294219970703,53079300
2023-06-26,184.97794384564872,186.18585111473345,183.39379870692287,183.43341064453125,48088700
2023-06-27,184.04728315432985,186.5225008066865,183.8294627923201,186.19577026367188,50730800
2023-06-28,186.06704032710473,188.01751290126907,185.7403249158235,187.37396240234375,51216800
2023-06-29,187.2056628454855,188.18585447217086,187.06705126158826,187.71060180664062,46347300
2023-06-30,189.7303801784341,192.5521191164762,189.3640377084909,192.04718017578125,85069600
2023-07-03,191.85904618822673,191.9580609253223,189.85906633761323,190.55213928222656,31458200
2023-07-05,189.67096065277283,191.06697174397888,188.73036598215447,189.43333435058594,46920300
2023-07-06,187.95811200082892,190.11650951153766,187.32445692665846,189.90858459472656,45094300
2023-07-07,189.5125693591173,190.76007362639882,188.35416930217096,188.789794921875,46778000
2023-07-10,187.38384586798722,188.10662020019882,185.18585168727856,186.74029541015625,59922200
2023-07-11,187.28487201023415,187.42348359441797,184.75025155228488,186.215576171875,46638100
2023-07-12,187.79968989475896,189.7996698114742,186.60169311695756,187.88880920410156,60750200
2023-07-13,188.61157199087162,189.29473443261006,187.89870814797314,188.6511688232422,41342300
2023-07-14,188.3442359735881,189.28481555311026,187.75019286903466,188.7996826171875,41573900
2023-07-17,189.99769273438966,192.39371661286773,189.90858852856573,192.06698608398438,50520200
2023-07-18,191.43333225746687,192.4036133115075,190.51254346863507,191.80955505371094,48353800
2023-07-19,191.18579595006162,196.26493172677777,190.74024473686075,193.1659698486328,80507300
2023-07-20,193.1560618639693,194.52238670645607,190.5917402572243,191.2154998779297,59581200
2023-07-21,192.17588392818155,193.03725474426253,189.33432409540026,190.03729248046875,71917800
2023-07-24,191.49270963252084,192.9778399722658,190.34420521064493,190.83924865722656,45377800
2023-07-25,191.4135192381226,192.51251639930572,191.00757994716116,191.7006378173828,37283200
2023-07-26,191.75014067908202,193.70061320853526,191.40361930588426,192.57191467285156,47471900
2023-07-27,194.07685782549473,195.24515323301043,190.6412547294524,191.3046112060547,47460200
2023-07-28,192.74022840055838,194.68080550669023,192.21548351570434,193.88873291015625,48291400
2023-07-31,194.11647588529388,194.5422211974479,193.32440317776312,194.5026092529297,38824100
2023-08-01,194.29468863259882,194.77982161953312,193.3441984148306,193.67092895507812,35175100
2023-08-02,193.1065496196106,193.24516118654293,189.94818497968632,190.6709442138672,50389300
2023-08-03,189.67096144116343,190.46301890335675,188.79968010371752,189.27491760253906,61235200
2023-08-04,183.68094960257173,185.52251207833032,180.11663025996506,180.18594360351562,115799700
2023-08-07,180.32455640774955,181.31464344213896,175.5919415919706,177.0770721435547,97576100
2023-08-08,177.9087289898081,178.48298124186843,175.81964489133262,178.01763916015625,67823000
2023-08-09,179.07702506576103,179.13642786663587,175.25528876502239,176.42359924316406,60378500
2023-08-10,177.700821310071,178.95823610645982,175.83946791027196,176.20579528808594,54686900
2023-08-11,175.7992882281701,177.08812715930858,175.035887610981,176.26524353027344,51988100
2023-08-14,176.44371711975322,178.14896748076782,175.78937369863468,177.9209442138672,43675600
2023-08-15,177.34592099472832,177.94076628789648,175.53161335110406,175.9281768798828,43622600
2023-08-16,175.61093536777827,177.00883168990967,174.98633341606396,175.0557403564453,46964900
2023-08-17,175.62083731111454,175.9876593304517,171.9922220355352,172.5077667236328,66062900
2023-08-18,170.82235510894964,173.59834528388794,170.48527458580276,172.9935760498047,61114200
2023-08-21,173.56861510861043,174.61952217759173,172.25001931121287,174.33200073242188,46311900
2023-08-22,175.541512243613,176.15619021692956,174.73846130997606,175.71005249023438,42084200
2023-08-23,176.9890180826326,179.99303161559698,176.80064510070915,179.56671142578125,52722800
2023-08-24,179.1205572949361,179.54687744583052,174.50051821034532,174.8673553466797,54945800
2023-08-25,175.85879974601767,177.6136093916348,174.31218067560857,177.0782470703125,51449600
2023-08-28,178.5455506421133,179.04126265908485,177.0187642861302,178.6446990966797,43820700
2023-08-29,178.15889276911417,183.31429463018617,177.96061099136716,182.54098510742188,53003900
2023-08-30,183.35395983897268,186.23900735465395,183.1556780614674,186.04071044921875,60813900
2023-08-31,186.22906281435257,187.49808420340318,185.87214960318659,186.25880432128906,60794500
2023-09-01,187.86493132785435,188.2912363685708,186.66530168187228,187.83518981933594,45732600
2023-09-05,186.66529992482816,188.350717612699,186.00104769428793,188.0731201171875,45280000
2023-09-06,186.78426205503195,187.2304149251444,179.91370149278592,181.3413543701172,81755800
2023-09-07,173.67766774803732,176.68169670899601,172.05173281818776,176.03726196289062,112488800
2023-09-08,176.82047189213844,178.69426259870855,176.26526175899272,176.65191650390625,65551300
2023-09-11,178.52572555213936,178.7537488345446,175.81912716109244,177.82180786132812,58953100
2023-09-12,177.95068488711692,178.58519559094336,173.32073699502078,174.7880401611328,90370200
2023-09-13,174.99623588192003,175.77946927367296,172.48793449989455,172.71597290039062,84267900
2023-09-14,172.507750907179,174.5897470555056,172.09135470309917,174.2328338623047,60895800
2023-09-15,174.96648860625493,174.9863213204115,172.329312484714,173.50909423828125,109205100
2023-09-18,174.9664984209427,177.84163701778533,174.65915940995401,176.4437255859375,67257600
2023-09-19,175.99759154247158,178.08949677364237,175.61093679016653,177.5343017578125,51826900
2023-09-20,177.7226737290678,178.15890274128645,173.89577620541897,173.98501586914062,58436200
2023-09-21,173.05303229407238,174.7880239939856,172.368947431924,172.43833923339844,63047900
2023-09-22,173.17201907467273,175.56135441857745,172.55734106823024,173.29098510742188,56725400
2023-09-25,172.70604916227998,175.4522977411563,172.65647493916612,174.56993103027344,46172700
2023-09-26,173.32073296072448,173.6974637546494,170.18782981503577,170.48526000976562,64588900
2023-09-27,171.1395892983555,171.55598552227247,167.60021383109716,168.96836853027344,66921800
2023-09-28,167.88773731405627,170.55467030699108,166.18248681585104,169.22616577148438,56294400
2023-09-29,170.5447655196905,171.58576377459906,168.87916528625075,169.74171447753906,51814200
2023-10-02,169.75160169254372,172.80518912572896,169.46408028935463,172.25990295410156,52164500
2023-10-03,170.78267952738358,172.14094058886474,169.35504178574476,170.92147827148438,49594600
2023-10-04,169.62271803074952,172.71597100628938,169.50375199905025,172.17068481445312,53020300
2023-10-05,172.29956799243436,173.94533544106068,171.19908676207933,173.40997314453125,48527900
2023-10-06,172.30949278163357,176.46356172729125,171.69479961979252,175.9678497314453,57224100
2023-10-09,175.29367439346143,177.51446959158443,174.2923416030924,177.45498657226562,42390800
2023-10-10,176.57261638357625,178.17871838563994,176.42389371024447,176.86012268066406,43698000
2023-10-11,176.6717569025772,178.30761560829964,176.07691156880261,178.25804138183594,47551100
2023-10-12,178.52572180730996,180.77624333047942,177.50454119898205,179.1602325439453,56743100
2023-10-13,179.86414450043375,180.36976530628638,176.61227491408687,177.31619262695312,51427100
2023-10-16,175.23418002024147,177.5441995976702,174.99623283045386,177.18728637695312,52517000
2023-10-17,175.1350405719026,176.88986525789463,173.3009152798367,175.63075256347656,57549400
2023-10-18,174.07423592634754,176.0570840196497,173.60826541418712,174.33200073242188,54764400
2023-10-19,174.53027383635083,176.31484005715805,173.68757251536525,173.95526123046875,59302900
2023-10-20,173.80655315689722,173.91561041088508,171.1594526769345,171.39739990234375,64189300
2023-10-23,169.44425467817877,172.5176595517305,168.47264840823163,171.51632690429688,55980100
2023-10-24,171.5659057161436,172.18058368172586,169.97962145460033,171.9525604248047,43816600
2023-10-25,170.4059694558874,171.57584256593557,169.18650699014253,169.63265991210938,57157000
2023-10-26,168.90890687614655,169.91025482669738,164.24921696829185,165.45875549316406,70625300
2023-10-27,165.47858075180807,167.5110029440003,165.39926501775972,166.77734375,58499100
2023-10-30,167.57047708446643,169.70203248533966,167.42175441803172,168.82957458496094,51131000
2023-10-31,167.89764555846892,169.43434051981868,166.4600687836398,169.3054656982422,44846000
2023-11-01,169.5334969755198,172.73579212701503,168.66103905073186,172.47802734375,56934900
2023-11-02,174.01475779740764,176.2553707597914,173.95527477340474,176.04718017578125,77334800
2023-11-03,172.74570493436423,175.3035803991637,171.86333827281126,175.13502502441406,79763700
2023-11-06,174.86735256910734,177.8911833660216,174.69881232122145,177.69290161132812,63841300
2023-11-07,177.64332285545842,180.87537437336846,177.4351323131202,180.2606964111328,70530000
2023-11-08,180.78617090399572,181.87672821790486,180.03267898856913,181.321533203125,49340300
2023-11-09,181.39094357988108,182.54098393459674,180.2507968912838,180.8456573486328,53763500
2023-11-10,182.63256439705196,185.2136688107188,182.19576071339824,185.04489135742188,66133400
2023-11-13,184.46913200851657,184.67759686655458,182.87083578949566,183.45654296875,43627500
2023-11-14,186.33545119454976,186.74247420260892,184.9456350058848,186.0773468017578,60108400
2023-11-15,186.484378412078,188.12237722055318,186.41488002550872,186.64320373535156,53790500
2023-11-16,188.19184420357837,189.57173837709286,187.27851922089127,188.33082580566406,54412900
2023-11-17,188.86690055056806,188.99596031021713,187.19912126214516,188.31097412109375,50922700
2023-11-20,188.50952517211448,190.51484429092645,188.4996033239707,190.0581817626953,46505100
2023-11-21,190.0184652287441,190.12766614172318,188.36060783923182,189.25405883789062,38134500
2023-11-22,190.09787347152113,191.52739194971423,189.44266803493824,189.91917419433594,39617700
2023-11-24,189.48237920572873,189.51215989530726,187.8741613770549,188.58892822265625,24048300
2023-11-27,188.53929229982836,189.28383984926063,187.52670339120002,188.4102325439453,40552600
2023-11-28,188.4003202806091,189.690872461515,188.02307798905798,189.01580810546875,38415400
2023-11-29,189.51216190888897,190.693513100917,187.5962001689742,187.9932861328125,43014200
2023-11-30,188.45989087281944,188.93641225844013,186.82189215984647,188.569091796875,48794400
2023-12-01,188.94631294335792,190.1673666680402,187.85430382511626,189.84970092773438,45679300
2023-12-04,188.59886103241988,188.66835941071503,186.08725507958516,188.0528564453125,43389500
2023-12-05,188.8271848225055,192.98671090530596,188.79738898570994,192.0138397216797,66628400
2023-12-06,193.03636454966008,193.3441084564195,190.71337975554792,190.92185974121094,41089700
2023-12-07,192.22231940614063,193.58235469178888,192.1826017223777,192.857666015625,47477700
2023-12-08,192.78816888710017,194.56516412443645,192.26202318278135,194.28720092773438,53377300
2023-12-11,191.70610576075973,192.08334803730577,190.0283895071003,191.7755889892578,60943700
2023-12-12,191.67632450221151,193.30440121762786,190.32621099568146,193.2944793701172,52696900
2023-12-13,193.67171305530522,196.56056130389416,193.43346752411227,196.52085876464844,70404200
2023-12-14,196.58041195784497,198.16877097511053,194.733933428728,196.6697540283203,66831600
2023-12-15,196.09396456637802,196.95763485816647,195.56781885438525,196.13368225097656,128256700
2023-12-18,194.66442432038554,195.20050700939822,192.97678633039985,194.46588134765625,55751900
2023-12-19,194.73394198979324,195.5181921115413,194.46590061872467,195.50827026367188,40714100
2023-12-20,195.46856356116558,196.24289187855894,193.4136199951172,193.4136199951172,52242800
2023-12-21,194.67436895686498,195.64724016492798,192.09326476649224,193.26467895507812,46482500
2023-12-22,193.7610354812219,193.98937428927292,191.56711064871152,192.19253540039062,37122800
2023-12-26,192.20247183256527,192.48043504376977,191.42814358023,191.64654541015625,28919300
2023-12-27,191.09064392317032,192.0932959838613,189.70081253792972,191.74583435058594,48087700
2023-12-28,192.72862541967714,193.24484932489418,191.76567598880632,192.17269897460938,34049900
2023-12-29,192.4903607097449,192.98672576072192,190.33613820624774,191.1303253173828,42628800
2024-01-02,185.78942219080653,187.07005243391947,182.55312769161858,184.2904052734375,82488700
2024-01-03,182.88074176951616,184.52867738484042,182.0964765011294,182.9105224609375,58414500
2024-01-04,180.82578520690032,181.7589539428833,179.5650288616003,180.58753967285156,71983600
2024-01-05,180.66697820637782,181.43136956938284,178.86020193485106,179.86285400390625,62303300
2024-01-08,180.76622380895435,184.2507162227342,180.18051667398524,184.21099853515625,59144500
2024-01-09,182.58292017691045,183.80397397190293,181.40156892129536,183.79405212402344,42841800
2024-01-10,183.0098210810569,185.04490590225782,182.5829392119836,184.83644104003906,46792900
2024-01-11,185.1838742981323,185.69017636593313,182.28510409693843,184.24078369140625,49128400
2024-01-12,184.7073562390581,185.382420570264,183.84368591687618,184.56837463378906,40444700
2024-01-16,180.83571426310817,182.92043833380222,179.61464536328148,182.29502868652344,65603000
2024-01-17,179.9521756311529,181.60009595806468,178.98922629636922,181.35191345214844,47317400
2024-01-18,184.73713933247967,187.76496914507203,184.47903496158258,187.25868225097656,78005800
2024-01-19,187.9535897974558,190.55453778649462,187.4473029046773,190.16737365722656,68741000
2024-01-22,190.90200101096366,193.90997199821769,190.86228332421425,192.48043823242188,60133900
2024-01-23,193.60223731108647,194.3269260762536,192.42088601370864,193.7610626220703,42355600
2024-01-24,193.99930838143553,194.9523359132993,192.92715808853583,193.08599853515625,53631300
2024-01-25,193.80077725921535,194.84314692565724,191.70611607825748,192.75840759277344,54822100
2024-01-26,192.85769025735726,193.34411833566054,190.54462719280716,191.02113342285156,44594000
2024-01-29,190.614099077556,190.80272021826386,188.20177223046258,190.3361358642578,47145600
2024-01-30,189.55190020112778,190.40564874926815,186.10712531543376,186.6729736328125,55859400
2024-01-31,185.6802399646441,185.7398164976455,183.00980859435379,183.05943298339844,55467800
2024-02-01,182.6524257138898,185.59089847447947,182.48366340616798,185.50155639648438,64885400
2024-02-02,178.55242764739413,185.96812234304272,177.94686171013706,184.49888610839844,102518000
2024-02-05,186.78216664518396,187.87417583998953,184.48896248395178,186.31558227539062,69668800
2024-02-06,185.50154897397763,187.9337347140823,185.4122068995574,187.92381286621094,43490800
2024-02-07,189.2540584961332,189.66108145721643,187.23881768122482,188.0330047607422,53439000
2024-02-08,188.0131563419714,188.16205980044833,185.98799356738817,186.95094299316406,40962000
2024-02-09,187.51748185012005,188.84944902949462,186.87139002594762,187.71629333496094,45155200
2024-02-12,187.288900125969,187.53739935899367,185.66868027314752,186.02651977539062,41781900
2024-02-13,184.65482795312093,185.09218906227858,182.40838501375495,183.92919921875,56529500
2024-02-14,184.20749952407863,184.41623036442274,181.34478380471282,183.0445098876953,54630500
2024-02-15,182.44813474883824,183.3824942652778,180.26134459364147,182.7562713623047,65434500
2024-02-16,182.31888265706775,183.7403059011213,180.57938833891825,181.21554565429688,49701400
2024-02-20,180.69867728023533,181.33483464555084,178.91942962585208,180.47006225585938,53665600
2024-02-21,180.8478012209779,181.79209525720324,179.57548638259638,181.22552490234375,41529700
2024-02-22,182.37854224114136,183.84966853541172,181.36467634977905,183.26319885253906,52292200
2024-02-23,183.89935895257477,183.92917764586625,181.13604881484736,181.42431640625,45119700
2024-02-26,181.14598235368476,181.66284976948523,179.56551591408572,180.0724639892578,40867400
2024-02-27,180.01281656480094,182.81587949842793,178.48205308405986,181.53363037109375,54318900
2024-02-28,181.4143703487687,182.02070906977036,179.0486680197237,180.33091735839844,48953900
2024-02-29,180.1818301671186,181.47402922690614,178.45227002550848,179.66494750976562,136682600
2024-03-01,178.47212642137438,179.44623902736157,176.3151552102376,178.5814666748047,73488000
2024-03-04,175.09254322615726,175.838040881393,172.74670999766127,174.04885864257812,81510100
2024-03-05,169.73489700267342,171.00721175997333,168.60174119797853,169.09873962402344,95132400
2024-03-06,170.03309257401145,170.21201988746688,167.6673753032203,168.104736328125,68587700
2024-03-07,168.13456709874717,169.70508399774383,167.47854068144582,167.9854736328125,71765100
2024-03-08,167.98548292374957,172.65726551008456,167.9258455340773,169.70509338378906,76114600
2024-03-11,171.90181348381185,173.33317133974063,171.01715691552084,171.71295166015625,60139500
2024-03-12,172.11052665980674,172.98524863025398,169.9833742775534,172.19004821777344,59825400
2024-03-13,171.7328305288075,172.15030736266894,169.73488726374302,170.10267639160156,52488700
2024-03-14,171.87200022180366,173.26358975503445,171.0171623179081,171.96145629882812,72913500
2024-03-15,170.14243263043366,171.58372497558594,169.2677105816515,171.58372497558594,121664700
2024-03-18,174.5160241566181,176.64317668608956,172.47832769835546,172.6771240234375,75604200
2024-03-19,173.29340452493878,175.54978158656556,171.99127109820583,175.02296447753906,55215200
2024-03-20,174.66513949599232,177.59742736816406,174.0389165846836,177.59742736816406,53423100
2024-03-21,175.98714219427453,176.42450322724187,169.81441519205438,170.3412322998047,106181300
2024-03-22,170.7289059277682,172.0111704512642,169.0391141931604,171.24578857421875,71106600
2024-03-25,169.54605342761408,170.90782428626645,168.43276661931924,169.82437133789062,54288300
2024-03-26,168.97947557636294,170.39094937582044,168.5619986920605,168.69122314453125,57388400
2024-03-27,169.3870074763491,172.55785986634996,169.08880538680637,172.26959228515625,60273300
2024-03-28,170.7189448975998,171.19605909940955,169.4863834451387,170.4505615234375,65672700
2024-04-01,170.16233265286536,170.22197004043582,168.46259127116116,169.00929260253906,46240500
2024-04-02,168.0649959882119,168.3234297194346,167.22009256480143,167.82643127441406,49329500
2024-04-03,167.7767233727702,169.6553768320082,167.56799252573734,168.63156127929688,47691700
2024-04-04,169.2677258236611,170.88794562795422,167.8065643310547,167.8065643310547,53704400
2024-04-05,168.57191570910442,169.3671161921521,167.93575835610383,168.56198120117188,42055200
2024-04-08,168.01530178433154,168.1842794442996,167.23005087422234,167.43878173828125,37425500
2024-04-09,167.68729566804038,169.05901642081855,167.3394058083934,168.65147399902344,42451200
2024-04-10,167.78667770328389,168.0749301271986,166.1068205360595,166.77279663085938,49709300
2024-04-11,167.3294357885208,174.4067040844594,167.1505236254001,173.9892120361328,91070300
2024-04-12,173.21388159504414,177.2892746522008,173.16419388744958,175.49014282226562,101593300
2024-04-15,174.30729011068368,175.56967037066977,171.46445848220424,171.6533203125,73531800
2024-04-16,170.71894188345593,172.7168698915991,167.25983743883052,168.36317443847656,73711200
2024-04-17,168.59180586766368,169.62555591523414,166.99147033691406,166.99147033691406,50901200
2024-04-18,167.02129381245496,167.62763251332663,165.55018268321453,166.0372314453125,43122900
2024-04-19,165.21223390744998,165.40108058085156,163.09501562510533,164.00949096679688,67772100
2024-04-22,164.52636553527142,166.2559103754066,163.78086788564391,164.8444366455078,48116400
2024-04-23,164.35737315952596,166.04716464714997,163.9299466584378,165.89805603027344,49537800
2024-04-24,165.540232667877,168.2836737462142,165.21222704669103,168.00535583496094,48251800
2024-04-25,168.51229295621184,169.58581142644354,167.14057238305094,168.87013244628906,50558300
2024-04-26,168.86016554035234,170.3113922398221,168.16435571128443,168.2836456298828,44838400
2024-04-29,172.32924112310414,174.97327656975762,172.06087287514865,172.45846557617188,68169400
2024-04-30,172.28947031289857,173.9395086711804,168.9794590883409,169.30747985839844,65934800
2024-05-01,168.56196349463553,171.67317804291875,168.09478382868932,168.2836456298828,50383100
2024-05-02,171.4743893691613,172.37893013348045,169.8641193422282,171.99127197265625,94214900
2024-05-03,185.52951854505613,185.8774235329829,181.56348055207545,182.27915954589844,163224100
2024-05-06,181.25534382134734,183.0942290168702,179.33692188523904,180.6191864013672,78569700
2024-05-07,182.34872294128857,183.79001537072006,180.23151991986552,181.30502319335938,77305800
2024-05-08,181.75231510468853,181.97099560703433,180.3607105291073,181.64297485351562,45057100
2024-05-09,181.46406224266897,183.55146169147778,181.01676669426374,183.46200561523438,48983000
2024-05-10,184.03928564367934,184.22840362497325,181.2821909106075,182.19790649414062,50759500
2024-05-13,184.57678612826817,186.22906253508128,183.76059590764,185.41287231445312,72044800
2024-05-14,186.63715506565202,187.42348620330452,185.42283282321628,186.55752563476562,52393600
2024-05-15,187.03529613574696,189.76253191302303,186.49780129168897,188.8368682861328,70400000
2024-05-16,189.58337106367233,190.21044329921963,188.77714401097435,188.956298828125,52845200
2024-05-17,188.62785068172937,189.9218023921439,188.29938496531759,188.98617553710938,41282900
2024-05-20,188.44869465688268,191.02663488992152,188.1301769262196,190.15072631835938,44361300
2024-05-21,190.20049107683238,191.83285642957057,190.03128423275254,191.4546356201172,42309400
2024-05-22,191.37500087150013,191.92244369758092,189.38431073139583,190.01136779785156,34648500
2024-05-23,190.09099161364105,190.11090276702717,185.76124979940406,186.0100860595703,51005900
2024-05-24,187.94106857836448,189.6928704821682,187.16468542966413,189.0956573486328,36294600
2024-05-28,190.61851957640835,192.1015891258543,188.219749617586,189.10560607910156,52280100
2024-05-29,188.7273931739324,191.35510374397245,188.6278525845266,189.4042205810547,53068000
2024-05-30,189.8720349370489,191.2854232244703,189.7426503955058,190.39956665039062,49947900
2024-05-31,190.54886021384164,191.67360498875826,189.02598349107927,191.35508728027344,75158300
2024-06-03,192.0020557606219,194.0823384761381,191.62383496596826,193.12680053710938,50080500
2024-06-04,193.73397115741048,194.41081372828987,192.13146492648488,193.44532775878906,47471400
2024-06-05,194.49042328995185,195.9834409155792,193.96289161058436,194.95823669433594,54156800
2024-06-06,194.77908126144504,195.58530834672572,193.2661524862918,193.57470703125,41181800
2024-06-07,193.7439169991778,196.02326577578603,193.23629646745044,195.97349548339844,53103900
2024-06-10,195.98344204153506,196.3815891899795,191.25555286655262,192.22103881835938,97262100
2024-06-11,192.74855695795014,206.19567789204126,192.7286609927464,206.1857147216797,172373300
2024-06-12,206.40470686074582,219.17498621319098,205.9368934525013,212.07818603515625,198134300
2024-06-13,213.74040935969603,215.74104751612717,210.61502639534655,213.24273681640625,97862700
2024-06-14,212.85455494843214,214.16840257809503,210.31642191496232,211.50088500976562,70122700
2024-06-17,212.37678083551464,217.9308083607288,211.72981259041407,215.6614227294922,93728300
2024-06-18,216.5771221156608,217.61228945527094,212.008492058615,213.29248046875,79943300
2024-06-20,212.93414999431738,213.24271970411397,207.87781072548336,208.7039337158203,86172500
2024-06-21,209.41066477171813,210.9036824915187,206.14593390610847,206.524169921875,246421400
2024-06-24,206.75308420226276,211.70989851928564,205.6283393856244,207.17112731933594,80727000
2024-06-25,208.1764159984445,210.3960464470149,207.6389363414956,208.0968017578125,56713900
2024-06-26,210.51548557795786,213.8598456726642,209.65948819693895,212.25733947753906,66213200
2024-06-27,213.69064352295018,214.73575892320002,211.36153961685812,213.1033935546875,49772700
2024-06-28,214.76560832661605,215.0642148828325,209.3210696212814,209.6395721435547,82542700
2024-07-01,211.10273143743845,216.4974998735104,210.933524598722,215.7410430908203,60402900
2024-07-02,215.1438274713018,219.35414798734178,214.09872731420612,219.24465942382812,58046200
2024-07-03,218.97591935149836,220.51870727539062,218.01043340115498,220.51870727539062,37369800
2024-07-05,220.618221554563,225.3958807735831,220.618221554563,225.28639221191406,60412400
2024-07-08,226.0329238568709,226.78939588229815,222.21080217009418,226.75953674316406,59085900
2024-07-09,226.8690002119573,228.33215871662,225.3162642938077,227.61550903320312,48076100
2024-07-10,228.23262994836378,231.9950331368443,228.1828596567971,231.89549255371094,62627700
2024-07-11,230.31292238954973,231.30826757731523,224.7190872943915,226.51071166992188,64710600
2024-07-12,227.85438851986095,231.55707334519846,227.61550023869842,229.4668426513672,53046500
2024-07-15,235.37920328245679,236.12571210202407,232.00498402552307,233.3088836669922,62631300
2024-07-16,233.90608352734432,235.17017597600105,231.24851410299036,233.7269287109375,43234300
2024-07-17,228.38192926123955,230.38258262455565,225.58501197125685,227.81459045410156,57345900
2024-07-18,229.20805491946456,229.3673137711516,221.2353466054131,223.13644409179688,66034600
2024-07-19,223.77348959602472,225.74426861436035,222.24064965794977,223.26585388183594,49151500
2024-07-22,225.95328613844396,226.7197061195605,222.0515351611177,222.91749572753906,48201800
2024-07-23,223.32558043665784,225.88362469345716,221.6434447483752,223.9626007080078,39960300
2024-07-24,222.9572958470105,223.75357494115906,216.1192800710717,217.522705078125,61777600
2024-07-25,217.91089956980477,219.8219755631398,213.62096453779796,216.4776153564453,51391200
2024-07-26,217.6819649471348,218.46829606182757,215.0044842643322,216.94541931152344,41601300
2024-07-29,215.95008057489312,218.27918447457574,214.74570631572197,217.22412109375,36311800
2024-07-30,218.1696780922106,219.30437081128844,215.1139615804843,217.781494140625,41643800
2024-07-31,220.40921389598267,222.77814001369308,219.60298682237814,221.04623413085938,50036300
2024-08-01,223.3255700813178,223.43505864730554,216.0097928775357,217.3435516357422,62501000
2024-08-02,218.12987665236415,224.54986481713928,216.69659243938975,218.83657836914062,105568600
2024-08-05,198.16324716744046,212.506173331003,195.0876345333798,208.29586791992188,119548600
2024-08-06,204.34434168651262,209.01251239840335,200.13403637997632,206.26535034179688,69660500
2024-08-07,205.93688655864335,212.64551772150753,205.42926604632788,208.8433074951172,63516400
2024-08-08,212.1179963940502,213.2029189157903,207.85792055043288,212.3170623779297,47161100
2024-08-09,211.11270086651854,215.77090862412464,210.98330114399806,215.23342895507812,42201600
2024-08-12,215.31315848368175,218.7410960979999,214.8448035806853,216.76803588867188,38028100
2024-08-13,218.2428407360094,221.11275746457662,218.2428407360094,220.49493408203125,44155300
2024-08-14,219.7973936824548,222.24876826808693,218.93043078284688,220.943359375,41960600
2024-08-15,223.81327127421198,224.56064415441705,221.97970491871703,223.93284606933594,46414000
2024-08-16,223.1356500786779,226.03546056539557,222.86659157853387,225.25819396972656,44340200
2024-08-19,224.92935218120843,225.19841068626937,222.25873174304007,225.0987548828125,40687800
2024-08-20,224.9791698204466,226.3742597731608,224.66028342820331,225.71656799316406,30299000
2024-08-21,225.7265541171402,227.18143154067607,224.26170199000447,225.60696411132812,34765500
2024-08-22,226.9920904114928,227.5401669123529,223.11571691317775,223.74351501464844,43695300
2024-08-23,224.86955081625499,227.42058109078098,223.544207780358,226.04541015625,38677300
2024-08-26,225.9657045588355,226.48388737170686,223.1057623977585,226.3842315673828,30602200
2024-08-27,225.20835892301574,228.04838192077386,224.1022464634546,227.2312469482422,35934600
2024-08-28,227.1216236092518,229.05483047059747,224.8894645684117,225.69664001464844,38052200
2024-08-29,229.294003797999,232.10411789712717,228.07827604001008,228.98507690429688,51906300
2024-08-30,229.38369482859366,229.59295072736154,226.68318070354871,228.19786071777344,52990800
2024-09-03,227.7494219919808,228.19784265919515,220.39526831044307,221.9896697998047,50190600
2024-09-04,220.88357632692316,221.00315112701452,216.71821006143196,220.076416015625,43840200
2024-09-05,220.85367082984084,224.6901757794695,220.744055533832,221.60104370117188,36615400
2024-09-06,223.16553454066073,224.4510243839852,219.00018373655976,220.0465087890625,48423000
2024-09-09,220.04651885251477,220.49493955114087,215.95091475509392,220.13619995117188,67180000
2024-09-10,218.15315521125123,220.70418549359823,215.97082401031443,219.3389892578125,51591000
2024-09-11,220.6842723421212,222.3085524071335,217.126770108234,221.88006591796875,44587100
2024-09-12,221.72061131734026,222.7669363444001,219.05000630879996,221.9896697998047,37498200
2024-09-13,222.7968456308755,223.25522582753553,221.13269713278441,221.7206268310547,36766600
2024-09-16,215.7815017768951,216.45912779468063,213.1706839207783,215.56228637695312,59357400
2024-09-17,214.99427397716522,216.14023969143096,213.74865245933694,216.03062438964844,45519300
2024-09-18,216.7879611815548,221.9298901997397,216.777986478492,219.91696166992188,59894900
2024-09-19,224.20189972925183,229.014982798629,223.84316014627527,228.06829833984375,66781300
2024-09-20,229.1644542640561,232.27352055331795,226.82267984404155,227.40065002441406,318679900
2024-09-23,226.54367501316779,228.64628476177805,225.01903547850176,225.67672729492188,54146000
2024-09-24,227.8490778167103,228.5466380182851,224.93930782860403,226.5735626220703,43556100
2024-09-25,224.1420985437932,226.49383244586693,223.2352976856936,225.57705688476562,42308700
2024-09-26,226.50380712846774,227.69960067739044,224.62042810744603,226.72303771972656,36636700
2024-09-27,227.65976246799463,228.71604709249937,226.50382203896112,226.99209594726562,34026000
2024-09-30,229.23421467656505,232.18385314941406,228.84558136748996,232.18385314941406,54541900
2024-10-01,228.71603627902877,228.84557057238277,222.9562838134916,225.41763305664062,63285000
2024-10-02,225.09874435066007,226.57355589970402,222.2388023482828,225.98562622070312,32880600
2024-10-03,224.35135909006985,226.0155074417467,222.5377422537936,224.87950134277344,34044200
2024-10-04,227.1017072618697,227.20136306464835,223.3449237414969,226.0055694580078,37245100
2024-10-07,223.7136221153256,224.8994562199718,220.55472780586587,220.91346740722656,39505400
2024-10-08,223.51431968732726,225.1884276449642,222.46799461113406,224.9791717529297,31855700
2024-10-09,224.44106139019914,228.94523301761674,224.0424685900414,228.7359619140625,33591100
2024-10-10,226.98213565099735,228.6961120865482,226.37427173832708,228.2377166748047,28183500
2024-10-11,228.49679970126073,228.60641499605356,226.54365859549918,226.7529296875,31759200
2024-10-14,227.89890830734765,230.91829362955485,227.79926770980506,230.48980712890625,39882100
2024-10-15,232.79170373632726,236.65811760908664,231.5560417756155,233.03086853027344,64751400
2024-10-16,230.78874694170784,231.3069145139278,229.0349022193022,230.96810913085938,34082200
2024-10-17,232.6123377292532,233.0308799404877,229.71254238803704,231.33682250976562,32993800
2024-10-18,235.35269346424636,235.35269346424636,233.19029643777657,234.1768341064453,46431500
2024-10-21,233.62876897482323,236.02037141360947,233.62876897482323,235.6516571044922,36254500
2024-10-22,233.07072804715946,235.3925683333293,231.7852533575211,235.03382873535156,38846600
2024-10-23,233.26006870913344,234.31635331873264,226.96219904424217,229.95169067382812,52287000
2024-10-24,229.17441473320775,230.0114839114603,227.60992208421712,229.76235961914062,31109500
2024-10-25,228.935262581316,232.40306843409212,228.76585988907573,230.5994110107422,38802300
2024-10-28,232.50273684103132,233.9077863541258,231.73542973016842,232.5824432373047,36087100
2024-10-29,232.28350596136286,233.50919327337175,231.50623935322642,232.85150146484375,35417200
2024-10-30,231.79520878623467,232.65219696606212,228.74592985962587,229.29400634765625,47070900
2024-10-31,228.53666090957242,229.02495000446748,224.5805658660821,225.11868286132812,64370100
2024-11-01,220.1959740256502,224.56063636026596,219.4984290694042,222.12918090820312,65276700
2024-11-04,220.21591416091667,222.0095968952219,218.94039900502227,221.23233032226562,44944500
2024-11-05,221.02308305755813,223.1655459656629,220.36539125313263,222.66729736328125,28111300
2024-11-06,221.83023455712816,225.27812143912794,220.41521040716108,221.93984985351562,54561100
2024-11-07,223.8431587611439,227.08177448549134,223.78337136524107,226.68316650390625,42137700
2024-11-08,226.6233197345054,228.10973956989392,225.8651541338214,226.41383361816406,38328800
2024-11-11,224.4585504714927,225.15686291743452,220.96697301971395,223.69039916992188,42005600
2024-11-12,224.00963641496367,225.04712701721013,222.82249764582772,223.69039916992188,40398300
2024-11-13,223.4709176605461,226.10456392944064,222.2239257676591,224.5782470703125,48566200
2024-11-14,224.47849544461576,228.31922131738446,224.45853931227538,227.67079162597656,44923900
2024-11-15,225.8551667084814,226.3739196007606,223.73030286311794,224.4585418701172,47923700
2024-11-18,224.70792952115227,229.18712968944305,224.62812021676072,227.4712677001953,44686000
2024-11-19,226.43377721041003,229.60613257977118,226.11455519341968,227.73065185546875,36211800
2024-11-20,227.51117324017346,229.37666823104936,225.34639715216647,228.44891357421875,35169600
2024-11-21,228.3292117939797,229.60613029336434,225.16684213362325,227.97007751464844,42108300
2024-11-22,227.51117639639193,230.16477882059493,227.51117639639193,229.3168182373047,38168300
2024-11-25,230.9030055193102,232.68869124314412,229.1871434272115,232.30960083007812,90152800
2024-11-26,232.76849125195545,235.00310615337486,232.76849125195545,234.49432373046875,45986200
2024-11-27,233.9057547855541,235.12282010257627,233.24733940643014,234.36463928222656,33498400
2024-11-29,234.24492549364632,237.2377059705746,233.40695061340287,236.7588653564453,28481400
2024-12-02,236.69901868412032,240.21053691361496,236.58928278806928,239.013427734375,48137100
2024-12-03,239.232908507596,242.1758064568113,238.32509471728144,242.06607055664062,38861000
2024-12-04,242.28553892887177,243.5225604021956,240.66944226019712,242.42520141601562,44383900
2024-12-05,243.40284992887905,243.95151419061432,241.54732536132988,242.4551239013672,40033900
2024-12-06,242.32543882662802,244.04130085085734,241.49743440151175,242.25559997558594,36870600
2024-12-09,241.24804586880077,246.64503053466012,241.16823655952678,246.1562042236328,44649200
2024-12-10,246.2958646584201,247.612695417372,244.7495916510093,247.1737518310547,36914800
2024-12-11,247.3632990378159,250.19646101706442,245.66737785476369,245.89683532714844,45205800
2024-12-12,246.2958641332418,248.1414182384854,245.08876927344312,247.36329650878906,32777500
2024-12-13,247.223631137632,248.69007959411312,245.647431564018,247.5328826904297,33155300
2024-12-16,247.3932343641577,250.77507595019196,247.05404098232512,250.43588256835938,51694800
2024-12-17,249.47818331943677,253.21915892963332,249.1789022262073,252.8699951171875,51356400
2024-12-18,251.55318925842403,253.66808268004456,247.14382766353577,247.4530792236328,56774100
2024-12-19,246.90440599607692,251.3935770141874,246.49538898335234,249.1888885498047,60882300
2024-12-20,247.44310326755718,254.3863612366688,245.09876750312787,253.87759399414062,147495300
2024-12-23,254.15691915529422,255.03479114956258,252.8400883307868,254.6557159423828,40858800
2024-12-24,254.87518901917565,257.58862955018265,254.67565812568793,257.57867431640625,23234700
2024-12-26,257.56867823862046,259.47408555117545,257.0100282923795,258.39666748046875,27237100
2024-12-27,257.20952960207876,258.0774615569102,252.4510193654514,254.9749298095703,42355300
2024-12-30,251.62300520062965,252.88995321263158,250.14657107718884,251.59307861328125,35557500
